latitude,longitude,elevation,utc_offset_seconds,timezone,timezone_abbreviation
40.808434,-74.0199,49.0,0,GMT,GMT

time,temperature_2m (°C),relative_humidity_2m (%),dew_point_2m (°C),apparent_temperature (°C),precipitation (mm),rain (mm),snowfall (cm),snow_depth (m),weather_code (wmo code),pressure_msl (hPa),surface_pressure (hPa),cloud_cover (%),et0_fao_evapotranspiration (mm),vapour_pressure_deficit (kPa),wind_speed_10m (km/h),wind_speed_100m (km/h),wind_direction_10m (°),wind_direction_100m (°),wind_gusts_10m (km/h),shortwave_radiation (W/m²),direct_radiation (W/m²),diffuse_radiation (W/m²),direct_normal_irradiance (W/m²),terrestrial_radiation (W/m²),direct_radiation_instant (W/m²),diffuse_radiation_instant (W/m²),direct_normal_irradiance_instant (W/m²),global_tilted_irradiance_instant (W/m²),terrestrial_radiation_instant (W/m²),shortwave_radiation_instant (W/m²),global_tilted_irradiance (W/m²),direct_radiation_spread (W/m²)
1753488000,28.9,70,22.9,32.8,0.00,0.00,0.00,0.00,3,1013.2,1007.6,99,0.09,1.18,10.2,18.5,319,319,25.6,63.0,24.0,39.0,161.3,175.7,7.3,11.9,43.9,17.1,53.7,19.3,63.0,NaN
1753491600,28.9,71,23.1,33.2,0.00,0.00,0.00,0.00,3,1013.7,1008.1,97,0.06,1.16,8.9,15.0,297,299,20.9,1.0,0.0,1.0,0.0,17.0,0.0,0.0,0.0,0.0,0.0,0.0,1.0,NaN
1753495200,28.2,74,23.1,32.6,0.00,0.00,0.00,0.00,2,1014.4,1008.8,55,0.03,0.99,8.1,15.7,313,320,20.2,0.0,0.0,0.0,0.0,0.0,0.0,0.0,0.0,0.0,0.0,0.0,0.0,NaN
1753498800,27.8,76,23.2,32.5,0.00,0.00,0.00,0.00,3,1014.7,1009.1,99,0.02,0.90,6.1,12.2,320,327,17.6,0.0,0.0,0.0,0.0,0.0,0.0,0.0,0.0,0.0,0.0,0.0,0.0,NaN
1753502400,27.2,76,22.7,31.3,0.00,0.00,0.00,0.00,3,1014.9,1009.3,99,0.03,0.86,8.7,17.1,326,330,18.4,0.0,0.0,0.0,0.0,0.0,0.0,0.0,0.0,0.0,0.0,0.0,0.0,NaN
1753506000,26.6,76,22.0,30.2,0.00,0.00,0.00,0.00,3,1015.4,1009.7,100,0.03,0.84,9.0,18.2,345,349,19.4,0.0,0.0,0.0,0.0,0.0,0.0,0.0,0.0,0.0,0.0,0.0,0.0,NaN
1753509600,25.9,78,21.8,29.2,0.00,0.00,0.00,0.00,3,1015.4,1009.7,92,0.03,0.73,10.3,19.9,2,6,22.0,0.0,0.0,0.0,0.0,0.0,0.0,0.0,0.0,0.0,0.0,0.0,0.0,NaN
1753513200,24.9,80,21.3,27.8,0.00,0.00,0.00,0.00,3,1015.5,1009.8,87,0.02,0.61,11.1,20.8,8,10,25.2,0.0,0.0,0.0,0.0,0.0,0.0,0.0,0.0,0.0,0.0,0.0,0.0,NaN
1753516800,24.0,83,21.0,27.0,0.00,0.00,0.00,0.00,1,1015.8,1010.1,27,0.01,0.50,9.1,18.1,9,13,24.1,0.0,0.0,0.0,0.0,0.0,0.0,0.0,0.0,0.0,0.0,0.0,0.0,NaN
1753520400,23.5,85,20.9,26.6,0.00,0.00,0.00,0.00,1,1016.5,1010.8,47,0.01,0.42,8.5,17.4,18,24,19.8,0.0,0.0,0.0,0.0,0.0,0.0,0.0,0.0,0.0,0.0,0.0,0.0,NaN
1753524000,23.3,85,20.6,26.2,0.00,0.00,0.00,0.00,3,1017.4,1011.7,80,0.03,0.43,8.9,18.0,25,33,19.8,1.0,0.0,1.0,0.0,5.9,0.0,5.3,0.0,0.5,31.2,5.3,1.0,NaN
1753527600,23.7,80,20.1,26.3,0.00,0.00,0.00,0.00,3,1018.2,1012.5,99,0.05,0.58,8.5,14.8,29,36,20.5,56.0,18.0,38.0,128.5,152.7,32.5,68.6,190.7,83.1,275.8,101.2,56.0,NaN
1753531200,24.5,69,18.4,26.2,0.00,0.00,0.00,0.00,3,1019.1,1013.4,100,0.15,0.96,9.7,15.2,47,49,23.8,187.0,100.0,87.0,332.3,399.1,130.6,113.6,433.9,244.2,521.2,244.2,187.0,NaN
1753534800,25.7,56,16.3,26.4,0.00,0.00,0.00,0.00,3,1019.9,1014.2,99,0.28,1.45,10.1,15.6,63,64,26.6,363.0,239.0,124.0,496.8,637.8,281.2,145.9,584.7,427.2,750.6,427.2,363.0,NaN
1753538400,26.6,50,15.4,26.8,0.00,0.00,0.00,0.00,3,1020.0,1014.3,100,0.40,1.74,11.3,16.8,68,69,30.2,528.0,365.0,163.0,567.6,852.7,406.0,181.3,631.3,587.3,948.4,587.3,528.0,NaN
1753542000,27.4,45,14.3,27.6,0.00,0.00,0.00,0.00,1,1020.1,1014.4,35,0.48,2.02,11.1,16.2,70,73,31.0,632.0,391.0,241.0,503.9,1028.9,418.4,257.9,539.2,676.3,1101.1,676.3,632.0,NaN
1753545600,28.7,40,13.7,30.0,0.00,0.00,0.00,0.00,0,1019.8,1014.2,15,0.60,2.36,9.5,13.6,69,72,31.0,811.0,647.0,164.0,743.0,1154.6,671.5,170.2,771.1,841.7,1198.3,841.7,811.0,NaN
1753549200,29.8,39,14.3,32.4,0.00,0.00,0.00,0.00,3,1019.5,1013.9,100,0.65,2.57,6.0,8.4,80,80,28.4,882.0,730.0,152.0,792.7,1221.1,737.3,153.5,800.6,890.8,1233.3,890.8,882.0,NaN
1753552800,31.2,38,15.1,34.5,0.00,0.00,0.00,0.00,3,1018.9,1013.3,100,0.65,2.82,3.4,4.9,133,123,22.7,878.0,692.0,186.0,749.7,1223.9,680.6,182.9,737.4,863.6,1203.8,863.6,878.0,NaN
1753556400,29.7,43,15.8,30.7,0.00,0.00,0.00,0.00,3,1018.5,1012.9,100,0.51,2.38,10.3,14.6,167,164,29.9,638.0,421.0,217.0,480.1,1162.7,402.5,207.5,459.1,610.0,1111.7,610.0,638.0,NaN
1753560000,28.5,44,14.9,28.1,0.00,0.00,0.00,0.00,3,1018.5,1012.9,100,0.44,2.19,13.7,20.0,175,173,36.7,508.0,189.0,319.0,240.6,1041.8,174.8,295.0,222.4,469.7,963.3,469.7,508.0,NaN
1753563600,28.0,42,14.0,27.4,0.00,0.00,0.00,0.00,3,1018.1,1012.5,100,0.42,2.19,13.1,19.3,165,165,37.1,505.0,281.0,224.0,428.7,869.3,248.5,198.1,379.0,446.6,768.7,446.6,505.0,NaN
1753567200,26.8,43,13.1,25.9,0.00,0.00,0.00,0.00,3,1018.2,1012.5,100,0.27,2.01,12.9,19.6,159,161,34.6,259.0,69.0,190.0,139.3,656.9,56.8,156.5,114.7,213.3,541.1,213.3,259.0,NaN
1753570800,25.8,44,12.5,24.9,0.00,0.00,0.00,0.00,3,1018.3,1012.6,100,0.18,1.87,11.4,17.7,157,158,32.4,109.0,21.0,88.0,66.4,419.3,14.8,62.1,46.9,77.0,296.0,77.0,109.0,NaN
1753574400,24.9,48,13.2,24.4,0.00,0.00,0.00,0.00,3,1018.5,1012.8,100,0.12,1.63,10.5,16.6,158,159,27.7,26.0,0.0,26.0,0.0,172.4,0.0,7.6,0.0,6.7,50.2,7.6,26.0,NaN
1753578000,23.9,55,14.3,24.1,0.00,0.00,0.00,0.00,3,1019.2,1013.5,99,0.09,1.34,8.8,14.4,160,160,22.7,1.0,0.0,1.0,0.0,15.3,0.0,0.0,0.0,0.0,0.0,0.0,1.0,NaN
1753581600,23.6,64,16.3,24.5,0.00,0.00,0.00,0.00,2,1019.3,1013.6,79,0.04,1.06,8.5,14.1,162,161,21.6,0.0,0.0,0.0,0.0,0.0,0.0,0.0,0.0,0.0,0.0,0.0,0.0,NaN
1753585200,23.3,66,16.7,24.5,0.00,0.00,0.00,0.00,3,1019.5,1013.8,86,0.03,0.97,7.8,13.2,173,175,19.4,0.0,0.0,0.0,0.0,0.0,0.0,0.0,0.0,0.0,0.0,0.0,0.0,NaN
1753588800,23.1,68,16.9,24.3,0.00,0.00,0.00,0.00,3,1018.9,1013.2,100,0.03,0.91,8.5,15.3,167,167,20.2,0.0,0.0,0.0,0.0,0.0,0.0,0.0,0.0,0.0,0.0,0.0,0.0,NaN
1753592400,22.9,71,17.4,24.6,0.00,0.00,0.00,0.00,3,1018.8,1013.1,100,0.02,0.81,6.5,13.1,183,182,19.8,0.0,0.0,0.0,0.0,0.0,0.0,0.0,0.0,0.0,0.0,0.0,0.0,NaN
1753596000,22.7,74,17.8,24.6,0.00,0.00,0.00,0.00,3,1018.3,1012.6,100,0.01,0.71,6.3,13.6,183,185,15.1,0.0,0.0,0.0,0.0,0.0,0.0,0.0,0.0,0.0,0.0,0.0,0.0,NaN
1753599600,22.6,76,18.2,24.7,0.00,0.00,0.00,0.00,3,1018.0,1012.3,100,0.01,0.65,6.0,13.2,187,187,14.4,0.0,0.0,0.0,0.0,0.0,0.0,0.0,0.0,0.0,0.0,0.0,0.0,NaN
1753603200,22.5,78,18.5,24.8,0.00,0.00,0.00,0.00,3,1017.9,1012.2,100,0.01,0.59,5.7,13.0,198,202,14.4,0.0,0.0,0.0,0.0,0.0,0.0,0.0,0.0,0.0,0.0,0.0,0.0,NaN
1753606800,22.4,79,18.6,24.5,0.00,0.00,0.00,0.00,3,1017.6,1011.9,100,0.01,0.56,7.5,14.6,195,199,17.6,0.0,0.0,0.0,0.0,0.0,0.0,0.0,0.0,0.0,0.0,0.0,0.0,NaN
1753610400,22.3,80,18.7,24.5,0.00,0.00,0.00,0.00,3,1017.9,1012.2,99,0.03,0.54,6.6,13.0,213,213,16.9,0.0,0.0,0.0,0.0,4.2,0.0,0.0,0.0,0.0,27.8,0.0,0.0,NaN
1753614000,22.2,81,18.8,24.3,0.60,0.60,0.00,0.00,53,1017.6,1011.9,99,0.04,0.50,7.8,14.1,188,193,18.0,18.0,1.0,17.0,7.2,149.4,1.8,31.0,10.7,26.6,272.7,32.9,18.0,NaN
1753617600,22.5,83,19.5,25.1,0.50,0.50,0.00,0.00,53,1017.7,1012.0,100,0.07,0.47,7.1,11.7,186,190,17.6,83.0,2.0,81.0,6.7,396.2,2.6,106.0,8.8,108.6,518.5,108.6,83.0,NaN
1753621200,24.2,75,19.5,26.7,0.00,0.00,0.00,0.00,3,1017.5,1011.8,100,0.16,0.76,7.9,12.2,196,196,20.9,219.0,62.0,157.0,129.4,635.3,73.0,184.9,152.4,257.9,748.2,257.9,219.0,NaN
1753624800,25.3,69,19.3,27.3,0.00,0.00,0.00,0.00,3,1017.0,1011.3,99,0.19,0.98,10.0,15.1,203,203,24.8,222.0,22.0,200.0,34.3,850.5,24.5,222.5,38.2,247.0,946.3,247.0,222.0,NaN
1753628400,26.1,70,20.1,27.9,0.00,0.00,0.00,0.00,3,1016.6,1010.9,100,0.25,1.02,14.3,21.2,216,215,34.6,294.0,69.0,225.0,89.1,1027.0,73.9,240.8,95.4,314.7,1099.3,314.7,294.0,NaN
1753632000,26.6,71,20.8,28.9,0.00,0.00,0.00,0.00,3,1016.2,1010.5,100,0.20,1.02,13.1,19.4,212,211,34.2,206.0,18.0,188.0,20.7,1152.9,18.7,195.1,21.5,213.8,1196.6,213.8,206.0,NaN
1753635600,27.5,69,21.3,30.3,0.00,0.00,0.00,0.00,3,1015.3,1009.7,100,0.23,1.15,12.3,18.2,210,210,32.4,254.0,13.0,241.0,14.1,1219.4,13.1,243.4,14.3,256.5,1231.6,256.5,254.0,NaN
1753639200,29.1,64,21.7,32.3,0.10,0.10,0.00,0.00,51,1014.6,1009.0,100,0.31,1.44,11.0,16.3,214,213,32.0,363.0,103.0,260.0,111.8,1222.2,101.3,255.7,109.9,357.0,1202.0,357.0,363.0,NaN
1753642800,30.6,58,21.5,33.3,0.10,0.10,0.00,0.00,51,1013.4,1007.8,97,0.39,1.82,13.4,19.4,243,243,33.1,449.0,140.0,309.0,159.9,1160.9,133.8,295.4,152.9,429.2,1109.8,429.2,449.0,NaN
1753646400,27.4,75,22.6,31.3,2.00,2.00,0.00,0.00,61,1013.4,1007.8,75,0.23,0.91,8.7,13.6,212,220,34.9,291.0,96.0,195.0,122.5,1039.7,88.7,180.3,113.2,269.0,961.1,269.0,291.0,NaN
1753650000,27.6,74,22.5,31.3,0.40,0.40,0.00,0.00,51,1012.9,1007.3,98,0.34,0.98,10.5,15.4,196,194,31.7,480.0,294.0,186.0,449.8,866.9,259.8,164.4,397.5,424.2,766.2,424.2,480.0,NaN
1753653600,26.5,81,22.9,30.5,1.10,1.10,0.00,0.00,55,1013.2,1007.6,77,0.15,0.67,9.7,15.4,246,243,29.9,178.0,34.0,144.0,68.9,654.3,28.0,118.5,56.7,146.4,538.2,146.4,178.0,NaN
1753657200,26.4,81,23.0,30.5,0.20,0.20,0.00,0.00,51,1012.9,1007.3,6,0.14,0.64,9.4,14.9,241,247,23.8,184.0,82.0,102.0,261.3,416.2,57.7,71.8,183.8,129.4,292.8,129.4,184.0,NaN
1753660800,25.9,85,23.3,30.3,0.00,0.00,0.00,0.00,0,1013.5,1007.8,15,0.05,0.49,8.9,15.8,230,235,22.0,67.0,32.0,35.0,218.6,169.0,8.8,9.7,52.4,16.1,46.6,18.5,67.0,NaN
1753664400,26.4,85,23.8,32.3,0.30,0.30,0.00,0.00,51,1013.9,1008.3,59,0.01,0.50,0.4,5.3,333,235,19.1,1.0,0.0,1.0,0.0,13.5,0.0,0.0,0.0,0.0,0.0,0.0,1.0,NaN
1753668000,26.2,85,23.5,31.1,0.20,0.20,0.00,0.00,51,1014.2,1008.5,14,0.00,0.50,5.9,13.3,194,216,11.9,0.0,0.0,0.0,0.0,0.0,0.0,0.0,0.0,0.0,0.0,0.0,0.0,NaN
1753671600,25.9,87,23.6,30.6,0.00,0.00,0.00,0.00,0,1013.8,1008.1,4,0.00,0.42,7.9,18.0,249,256,15.8,0.0,0.0,0.0,0.0,0.0,0.0,0.0,0.0,0.0,0.0,0.0,0.0,NaN
1753675200,25.9,88,23.8,30.5,0.00,0.00,0.00,0.00,0,1013.9,1008.2,2,0.01,0.38,9.4,20.5,281,288,18.7,0.0,0.0,0.0,0.0,0.0,0.0,0.0,0.0,0.0,0.0,0.0,0.0,NaN
1753678800,26.0,80,22.4,29.4,0.00,0.00,0.00,0.00,0,1014.0,1008.3,0,0.03,0.66,11.7,23.7,314,319,25.2,0.0,0.0,0.0,0.0,0.0,0.0,0.0,0.0,0.0,0.0,0.0,0.0,NaN
1753682400,25.2,78,21.1,28.1,0.00,0.00,0.00,0.00,0,1014.0,1008.3,0,0.03,0.71,10.3,21.9,324,327,24.8,0.0,0.0,0.0,0.0,0.0,0.0,0.0,0.0,0.0,0.0,0.0,0.0,NaN
1753686000,24.4,80,20.7,27.3,0.00,0.00,0.00,0.00,0,1013.9,1008.2,0,0.02,0.61,8.6,19.6,329,333,22.0,0.0,0.0,0.0,0.0,0.0,0.0,0.0,0.0,0.0,0.0,0.0,0.0,NaN
1753689600,23.8,82,20.5,26.8,0.00,0.00,0.00,0.00,0,1014.0,1008.3,1,0.01,0.54,7.5,17.6,323,331,18.0,0.0,0.0,0.0,0.0,0.0,0.0,0.0,0.0,0.0,0.0,0.0,0.0,NaN
1753693200,23.4,83,20.3,26.3,0.00,0.00,0.00,0.00,0,1014.7,1009.0,1,0.01,0.50,7.8,18.0,320,327,16.6,0.0,0.0,0.0,0.0,0.0,0.0,0.0,0.0,0.0,0.0,0.0,0.0,NaN
1753696800,23.2,83,20.1,25.9,0.00,0.00,0.00,0.00,0,1015.0,1009.3,0,0.03,0.49,8.1,18.3,321,327,16.9,0.0,0.0,0.0,0.0,2.4,0.0,0.0,0.0,0.0,24.2,0.0,0.0,NaN
1753700400,23.8,80,20.2,26.7,0.00,0.00,0.00,0.00,0,1015.5,1009.8,0,0.05,0.59,7.3,19.0,324,332,18.0,60.0,30.0,30.0,217.8,146.1,55.4,55.4,321.4,88.5,269.6,110.7,60.0,NaN
1753704000,25.3,74,20.4,28.4,0.00,0.00,0.00,0.00,0,1015.9,1010.2,0,0.14,0.83,6.4,12.7,328,331,17.3,213.0,145.0,68.0,489.1,393.2,190.2,89.2,641.5,279.3,515.7,279.3,213.0,NaN
1753707600,28.1,63,20.5,31.1,0.00,0.00,0.00,0.00,0,1016.0,1010.4,2,0.29,1.39,7.1,11.1,339,340,21.2,393.0,300.0,93.0,628.9,632.7,353.6,109.6,741.3,463.2,745.8,463.2,393.0,NaN
1753711200,29.6,57,20.2,32.6,0.00,0.00,0.00,0.00,0,1016.0,1010.4,0,0.42,1.79,7.4,10.8,359,1,23.8,569.0,461.0,108.0,720.9,848.2,513.2,120.2,802.5,633.4,944.2,633.4,569.0,NaN
1753714800,31.0,52,20.1,35.0,0.00,0.00,0.00,0.00,0,1016.0,1010.4,11,0.54,2.13,6.1,8.7,2,4,23.4,718.0,599.0,119.0,775.2,1025.0,641.3,127.4,829.9,768.7,1097.4,768.7,718.0,NaN
1753718400,32.1,48,19.6,36.2,0.00,0.00,0.00,0.00,0,1015.8,1010.2,13,0.60,2.49,6.4,8.9,342,346,23.0,774.0,640.0,134.0,737.6,1151.0,664.3,139.1,765.6,803.4,1194.8,803.4,774.0,NaN
1753722000,32.9,44,19.2,36.7,0.00,0.00,0.00,0.00,0,1015.6,1010.1,17,0.64,2.79,8.1,11.3,335,338,26.6,810.0,665.0,145.0,724.4,1217.7,671.7,146.5,731.7,818.1,1229.9,818.1,810.0,NaN
1753725600,33.7,42,19.0,37.4,0.00,0.00,0.00,0.00,0,1015.4,1009.9,11,0.67,3.02,8.7,12.2,336,338,27.7,823.0,681.0,142.0,740.2,1220.4,669.7,139.7,728.0,809.4,1200.2,809.4,823.0,NaN
1753729200,34.0,40,18.5,37.3,0.00,0.00,0.00,0.00,0,1014.9,1009.4,9,0.62,3.18,7.8,11.0,341,341,28.1,765.0,621.0,144.0,710.8,1159.0,593.6,137.6,679.4,731.2,1107.8,731.2,765.0,NaN
1753732800,34.4,39,18.3,37.3,0.00,0.00,0.00,0.00,0,1014.4,1008.9,6,0.58,3.34,7.7,11.0,339,339,26.6,707.0,585.0,122.0,747.9,1037.6,540.6,112.7,691.1,653.3,958.9,653.3,707.0,NaN
1753736400,34.3,39,18.2,36.0,0.00,0.00,0.00,0.00,0,1014.1,1008.6,3,0.49,3.31,9.2,13.1,343,342,27.4,568.0,455.0,113.0,698.2,864.5,401.9,99.8,616.7,501.7,763.6,501.7,568.0,NaN
1753740000,33.7,40,18.2,35.2,0.00,0.00,0.00,0.00,0,1014.0,1008.5,1,0.38,3.14,10.1,14.5,349,348,28.1,404.0,312.0,92.0,635.3,651.5,256.3,75.6,522.0,331.9,535.3,331.9,404.0,NaN
1753743600,32.9,42,18.2,34.5,0.00,0.00,0.00,0.00,0,1014.1,1008.6,1,0.24,2.92,9.6,14.1,355,356,27.4,228.0,159.0,69.0,510.7,413.0,111.4,48.3,357.8,159.8,289.4,159.8,228.0,NaN
1753747200,32.1,45,18.8,34.3,0.00,0.00,0.00,0.00,0,1014.2,1008.7,0,0.12,2.61,7.6,12.6,360,360,24.1,69.0,37.0,32.0,254.9,165.4,9.6,8.3,56.7,15.3,42.8,17.9,69.0,NaN
1753750800,32.0,46,18.9,34.5,0.00,0.00,0.00,0.00,0,1015.0,1009.5,0,0.08,2.58,5.5,9.4,103,82,14.8,1.0,0.0,1.0,0.0,11.6,0.0,0.0,0.0,0.0,0.0,0.0,1.0,NaN
1753754400,30.3,53,19.6,32.7,0.00,0.00,0.00,0.00,0,1015.4,1009.8,0,0.07,2.03,8.4,15.4,143,147,18.4,0.0,0.0,0.0,0.0,0.0,0.0,0.0,0.0,0.0,0.0,0.0,0.0,NaN
1753758000,28.5,64,21.1,32.0,0.00,0.00,0.00,0.00,0,1015.4,1009.8,0,0.03,1.40,6.3,14.8,156,164,18.4,0.0,0.0,0.0,0.0,0.0,0.0,0.0,0.0,0.0,0.0,0.0,0.0,NaN
1753761600,27.6,71,21.8,31.9,0.00,0.00,0.00,0.00,3,1015.4,1009.8,100,0.01,1.07,3.6,12.2,150,171,13.3,0.0,0.0,0.0,0.0,0.0,0.0,0.0,0.0,0.0,0.0,0.0,0.0,NaN
1753765200,27.1,74,22.1,31.9,0.00,0.00,0.00,0.00,3,1015.4,1009.8,95,0.00,0.93,1.4,5.0,130,167,7.9,0.0,0.0,0.0,0.0,0.0,0.0,0.0,0.0,0.0,0.0,0.0,0.0,NaN
1753768800,26.8,76,22.2,31.5,0.00,0.00,0.00,0.00,2,1015.2,1009.6,70,0.00,0.85,2.2,4.5,138,157,5.8,0.0,0.0,0.0,0.0,0.0,0.0,0.0,0.0,0.0,0.0,0.0,0.0,NaN
1753772400,26.4,78,22.2,31.0,0.00,0.00,0.00,0.00,0,1015.1,1009.4,0,0.00,0.76,2.8,6.8,165,177,7.2,0.0,0.0,0.0,0.0,0.0,0.0,0.0,0.0,0.0,0.0,0.0,0.0,NaN
1753776000,25.7,81,22.2,30.4,0.00,0.00,0.00,0.00,0,1015.2,1009.5,0,0.00,0.62,2.0,6.0,190,196,7.6,0.0,0.0,0.0,0.0,0.0,0.0,0.0,0.0,0.0,0.0,0.0,0.0,NaN
1753779600,25.2,84,22.2,29.9,0.00,0.00,0.00,0.00,0,1015.4,1009.7,0,0.00,0.52,2.4,6.5,234,246,5.4,0.0,0.0,0.0,0.0,0.0,0.0,0.0,0.0,0.0,0.0,0.0,0.0,NaN
1753783200,24.8,86,22.3,29.5,0.00,0.00,0.00,0.00,1,1015.7,1010.0,37,0.02,0.44,2.6,7.0,231,257,5.4,0.0,0.0,0.0,0.0,0.6,0.0,0.0,0.0,0.0,20.7,0.0,0.0,NaN
1753786800,25.9,81,22.3,30.7,0.00,0.00,0.00,0.00,3,1016.3,1010.6,94,0.03,0.65,2.4,6.8,234,270,7.2,53.0,25.0,28.0,183.1,142.7,46.7,52.3,269.3,77.9,266.4,99.0,53.0,NaN
1753790400,27.0,75,22.2,31.8,0.00,0.00,0.00,0.00,0,1016.2,1010.6,2,0.08,0.88,1.3,4.9,270,268,7.6,110.0,20.0,90.0,68.0,390.3,26.3,118.3,89.4,144.6,512.9,144.6,110.0,NaN
1753794000,30.0,62,21.8,34.4,0.00,0.00,0.00,0.00,2,1016.3,1010.7,58,0.26,1.63,2.7,4.1,270,272,13.7,354.0,234.0,120.0,492.7,630.1,276.1,141.6,581.3,417.6,743.4,417.6,354.0,NaN
1753797600,33.1,45,19.6,36.0,0.00,0.00,0.00,0.00,1,1016.0,1010.5,34,0.45,2.77,5.8,8.3,272,270,20.2,568.0,464.0,104.0,727.7,846.0,516.7,115.8,810.5,632.6,942.1,632.6,568.0,NaN
1753801200,35.0,35,17.5,37.8,0.00,0.00,0.00,0.00,2,1015.9,1010.4,55,0.59,3.63,6.5,9.0,300,299,23.0,718.0,605.0,113.0,784.7,1023.0,647.9,121.0,840.3,768.9,1095.5,768.9,718.0,NaN
1753804800,36.0,34,17.5,39.1,0.00,0.00,0.00,0.00,2,1015.6,1010.1,68,0.65,3.95,6.6,9.2,313,312,24.1,777.0,591.0,186.0,682.4,1149.2,613.5,193.1,708.4,806.6,1193.0,806.6,777.0,NaN
1753808400,37.0,32,17.6,40.0,0.00,0.00,0.00,0.00,0,1015.3,1009.8,3,0.69,4.26,8.1,11.5,317,316,26.6,800.0,555.0,245.0,605.6,1215.9,560.6,247.5,611.7,808.0,1228.1,808.0,800.0,NaN
1753812000,37.9,29,16.9,40.5,0.00,0.00,0.00,0.00,0,1014.6,1009.2,15,0.76,4.66,10.4,14.9,323,323,31.3,857.0,730.0,127.0,794.9,1218.6,717.9,124.9,781.7,842.8,1198.4,842.8,857.0,NaN
1753815600,38.3,27,15.8,40.0,0.00,0.00,0.00,0.00,0,1013.7,1008.3,17,0.62,4.93,7.7,11.1,294,300,31.7,695.0,535.0,160.0,613.5,1157.0,511.3,152.9,586.3,664.2,1105.7,664.2,695.0,NaN
1753819200,38.2,25,14.7,39.1,0.00,0.00,0.00,0.00,2,1013.8,1008.4,70,0.60,5.01,8.7,12.8,294,302,28.1,657.0,525.0,132.0,672.8,1035.4,485.0,121.9,621.5,606.9,956.5,606.9,657.0,NaN
1753822800,37.1,27,14.9,37.7,0.00,0.00,0.00,0.00,0,1013.8,1008.3,5,0.38,4.61,6.6,9.1,248,260,27.7,390.0,201.0,189.0,309.4,862.0,177.4,166.8,273.1,344.3,760.9,344.3,390.0,NaN
1753826400,36.9,28,15.3,37.6,0.00,0.00,0.00,0.00,0,1013.6,1008.1,15,0.37,4.51,7.5,10.7,280,283,23.4,387.0,288.0,99.0,589.2,648.6,236.3,81.2,483.4,317.5,532.2,317.5,387.0,NaN
1753830000,36.3,30,15.9,37.2,0.00,0.00,0.00,0.00,1,1013.6,1008.1,22,0.24,4.22,7.5,11.0,297,300,22.3,200.0,130.0,70.0,421.0,409.7,90.7,48.8,293.8,139.6,285.9,139.6,200.0,NaN
1753833600,35.3,35,17.3,37.0,0.00,0.00,0.00,0.00,1,1013.8,1008.3,20,0.12,3.75,6.6,10.8,283,291,20.2,56.0,28.0,28.0,194.7,161.7,6.7,6.7,39.7,11.4,38.9,13.5,56.0,NaN
1753837200,33.4,42,18.8,35.5,0.00,0.00,0.00,0.00,0,1014.5,1009.0,6,0.11,2.97,7.5,12.8,246,248,18.0,1.0,0.0,1.0,0.0,9.6,0.0,0.0,0.0,0.0,0.0,0.0,1.0,NaN
1753840800,32.7,45,19.3,35.3,0.00,0.00,0.00,0.00,0,1014.9,1009.4,0,0.06,2.70,6.2,11.5,240,248,17.3,0.0,0.0,0.0,0.0,0.0,0.0,0.0,0.0,0.0,0.0,0.0,0.0,NaN
1753844400,31.9,50,20.1,34.9,0.00,0.00,0.00,0.00,0,1014.9,1009.3,0,0.05,2.37,5.8,12.4,244,251,14.8,0.0,0.0,0.0,0.0,0.0,0.0,0.0,0.0,0.0,0.0,0.0,0.0,NaN
1753848000,31.1,54,20.6,34.5,0.00,0.00,0.00,0.00,0,1014.7,1009.1,1,0.04,2.09,5.2,11.3,254,256,14.0,0.0,0.0,0.0,0.0,0.0,0.0,0.0,0.0,0.0,0.0,0.0,0.0,NaN
1753851600,30.2,59,21.2,33.9,0.00,0.00,0.00,0.00,0,1014.7,1009.1,2,0.03,1.78,5.6,11.7,274,283,13.0,0.0,0.0,0.0,0.0,0.0,0.0,0.0,0.0,0.0,0.0,0.0,0.0,NaN
1753855200,29.4,63,21.5,33.2,0.00,0.00,0.00,0.00,0,1014.6,1009.0,0,0.03,1.53,5.2,10.9,268,278,12.6,0.0,0.0,0.0,0.0,0.0,0.0,0.0,0.0,0.0,0.0,0.0,0.0,NaN
1753858800,28.7,65,21.3,32.7,0.00,0.00,0.00,0.00,0,1014.3,1008.7,0,0.01,1.39,3.3,8.1,279,282,11.5,0.0,0.0,0.0,0.0,0.0,0.0,0.0,0.0,0.0,0.0,0.0,0.0,NaN
1753862400,28.0,67,21.2,32.1,0.00,0.00,0.00,0.00,0,1014.3,1008.7,5,0.01,1.26,3.0,6.7,308,304,7.6,0.0,0.0,0.0,0.0,0.0,0.0,0.0,0.0,0.0,0.0,0.0,0.0,NaN
1753866000,27.5,69,21.2,31.5,0.00,0.00,0.00,0.00,0,1015.0,1009.4,0,0.00,1.15,3.2,7.8,317,320,7.6,0.0,0.0,0.0,0.0,0.0,0.0,0.0,0.0,0.0,0.0,0.0,0.0,NaN
1753869600,26.9,70,21.1,30.8,0.00,0.00,0.00,0.00,0,1015.7,1010.1,0,0.01,1.05,3.5,7.6,332,335,8.3,0.0,0.0,0.0,0.0,0.0,0.0,0.0,0.0,0.0,17.0,0.0,0.0,NaN
1753873200,27.1,69,21.0,31.1,0.00,0.00,0.00,0.00,0,1016.2,1010.6,0,0.04,1.10,3.1,5.7,336,351,9.7,56.0,28.0,28.0,206.9,139.3,52.9,52.9,303.3,82.1,263.2,105.8,56.0,NaN
1753876800,28.4,64,20.9,32.1,0.00,0.00,0.00,0.00,0,1016.5,1010.9,5,0.15,1.41,4.4,6.7,353,357,15.1,208.0,141.0,67.0,483.2,387.2,185.7,88.3,636.6,274.0,510.1,274.0,208.0,NaN
1753880400,30.3,52,19.3,33.2,0.00,0.00,0.00,0.00,3,1016.5,1010.9,98,0.29,2.08,4.7,7.0,23,26,19.1,382.0,287.0,95.0,607.0,627.5,338.9,112.2,716.7,451.1,740.9,451.1,382.0,NaN
1753884000,31.3,47,18.6,34.1,0.00,0.00,0.00,0.00,0,1016.0,1010.4,1,0.26,2.42,2.4,3.7,117,119,17.6,325.0,101.0,224.0,158.9,843.6,112.5,249.6,177.0,362.1,939.9,362.1,325.0,NaN
1753887600,34.3,39,18.3,37.6,0.00,0.00,0.00,0.00,3,1015.5,1010.0,94,0.57,3.30,5.0,7.0,180,179,20.9,718.0,610.0,108.0,793.0,1020.9,653.4,115.7,849.3,769.0,1093.5,769.0,718.0,NaN
1753891200,35.6,35,17.9,38.9,0.00,0.00,0.00,0.00,3,1015.2,1009.7,90,0.68,3.77,8.0,11.2,196,195,27.0,818.0,682.0,136.0,788.9,1147.3,708.1,141.2,819.1,849.3,1191.2,849.3,818.0,NaN
1753894800,36.3,33,17.5,39.7,0.00,0.00,0.00,0.00,1,1014.7,1009.2,30,0.73,4.03,8.1,11.3,198,200,28.8,875.0,745.0,130.0,814.4,1214.1,752.5,131.3,822.6,883.8,1226.3,883.8,875.0,NaN
1753898400,36.9,32,17.4,39.6,0.00,0.00,0.00,0.00,3,1014.1,1008.6,99,0.65,4.26,7.9,11.1,197,202,28.1,751.0,566.0,185.0,617.4,1216.7,556.6,181.9,607.1,738.5,1196.4,738.5,751.0,NaN
1753902000,37.5,30,17.1,38.2,0.00,0.00,0.00,0.00,3,1013.2,1007.8,100,0.62,4.49,14.2,20.0,204,208,37.1,602.0,417.0,185.0,479.2,1155.0,398.4,176.8,457.8,575.2,1103.6,575.2,602.0,NaN
1753905600,35.1,39,19.1,36.7,0.50,0.50,0.00,0.00,53,1013.2,1007.7,43,0.49,3.44,12.2,17.3,188,191,41.0,495.0,291.0,204.0,373.8,1033.1,268.7,188.4,345.2,457.1,954.1,457.1,495.0,NaN
1753909200,32.6,50,20.8,36.4,1.50,1.50,0.00,0.00,61,1013.6,1008.1,94,0.29,2.46,2.9,4.5,150,166,33.8,353.0,197.0,156.0,304.2,859.4,173.8,137.6,268.4,311.4,758.1,311.4,353.0,NaN
1753912800,29.5,61,21.2,32.3,0.30,0.30,0.00,0.00,51,1014.3,1008.7,60,0.22,1.61,11.7,15.6,169,173,25.9,206.0,87.0,119.0,178.9,645.6,71.3,97.5,146.5,168.8,528.9,168.8,206.0,NaN
1753916400,29.0,64,21.5,33.0,0.00,0.00,0.00,0.00,3,1013.9,1008.3,90,0.14,1.44,4.2,6.6,110,135,37.4,177.0,96.0,81.0,313.6,406.3,66.7,56.3,217.9,123.0,282.3,123.0,177.0,NaN
1753920000,29.2,63,21.4,33.3,0.00,0.00,0.00,0.00,2,1013.9,1008.3,73,0.05,1.51,3.4,5.1,72,63,13.3,56.0,24.0,32.0,168.5,157.8,5.3,7.1,31.1,10.3,34.9,12.4,56.0,NaN
1753923600,26.7,80,22.9,31.7,0.30,0.30,0.00,0.00,51,1014.7,1009.1,100,0.02,0.71,2.8,5.4,162,195,9.7,0.0,0.0,0.0,0.0,7.6,0.0,0.0,0.0,0.0,0.0,0.0,0.0,NaN
1753927200,27.4,73,22.1,31.7,0.00,0.00,0.00,0.00,3,1014.9,1009.3,98,0.01,1.00,4.4,9.1,148,146,12.6,0.0,0.0,0.0,0.0,0.0,0.0,0.0,0.0,0.0,0.0,0.0,0.0,NaN
1753930800,27.7,69,21.4,31.6,0.00,0.00,0.00,0.00,1,1014.8,1009.2,47,0.02,1.16,4.9,9.0,197,180,12.2,0.0,0.0,0.0,0.0,0.0,0.0,0.0,0.0,0.0,0.0,0.0,0.0,NaN
1753934400,27.3,70,21.5,31.5,0.00,0.00,0.00,0.00,0,1014.8,1009.2,6,0.00,1.07,3.2,6.7,251,232,10.4,0.0,0.0,0.0,0.0,0.0,0.0,0.0,0.0,0.0,0.0,0.0,0.0,NaN
1753938000,27.1,73,21.9,31.6,0.00,0.00,0.00,0.00,0,1014.5,1008.9,13,0.00,0.97,2.8,9.2,255,242,8.3,0.0,0.0,0.0,0.0,0.0,0.0,0.0,0.0,0.0,0.0,0.0,0.0,NaN
1753941600,26.8,75,22.1,31.4,0.00,0.00,0.00,0.00,3,1014.3,1008.7,84,0.00,0.86,2.5,8.5,300,272,6.8,0.0,0.0,0.0,0.0,0.0,0.0,0.0,0.0,0.0,0.0,0.0,0.0,NaN
1753945200,26.5,79,22.5,31.3,0.00,0.00,0.00,0.00,3,1014.3,1008.7,90,0.00,0.74,2.5,9.4,262,253,6.1,0.0,0.0,0.0,0.0,0.0,0.0,0.0,0.0,0.0,0.0,0.0,0.0,NaN
1753948800,26.3,77,21.9,30.7,0.10,0.10,0.00,0.00,51,1014.5,1008.8,94,0.00,0.80,3.1,7.2,3,341,7.6,0.0,0.0,0.0,0.0,0.0,0.0,0.0,0.0,0.0,0.0,0.0,0.0,NaN
1753952400,26.1,81,22.6,31.2,0.00,0.00,0.00,0.00,1,1014.5,1008.8,23,0.00,0.64,1.0,4.8,45,37,7.2,0.0,0.0,0.0,0.0,0.0,0.0,0.0,0.0,0.0,0.0,0.0,0.0,NaN
1753956000,25.7,79,21.9,30.1,0.00,0.00,0.00,0.00,0,1014.7,1009.0,18,0.00,0.68,3.1,8.4,36,45,6.5,0.0,0.0,0.0,0.0,0.0,0.0,0.0,0.0,0.0,13.3,0.0,0.0,NaN
1753959600,26.1,72,20.8,29.3,0.00,0.00,0.00,0.00,0,1015.0,1009.3,16,0.06,0.93,7.7,12.9,18,25,17.6,50.0,23.0,27.0,171.6,135.8,44.0,51.7,250.6,73.0,259.9,95.7,50.0,NaN
1753963200,26.5,63,19.0,28.6,0.00,0.00,0.00,0.00,3,1015.4,1009.7,90,0.16,1.27,8.7,13.3,22,27,23.0,195.0,123.0,72.0,425.0,384.2,162.4,95.1,561.2,257.5,507.2,257.5,195.0,NaN
1753966800,28.6,64,21.0,32.1,0.10,0.10,0.00,0.00,51,1015.2,1009.6,51,0.25,1.42,6.1,8.6,19,22,19.1,324.0,190.0,134.0,403.7,624.8,224.6,158.4,477.1,382.9,738.4,382.9,324.0,NaN
1753970400,29.4,58,20.2,31.9,0.00,0.00,0.00,0.00,1,1015.1,1009.5,30,0.36,1.73,9.5,13.4,21,26,27.0,450.0,289.0,161.0,456.0,841.3,322.1,179.5,508.3,501.6,937.7,501.6,450.0,NaN
1753974000,29.8,56,20.0,32.5,0.10,0.10,0.00,0.00,51,1015.1,1009.5,96,0.46,1.87,9.8,14.0,31,36,29.9,594.0,411.0,183.0,535.5,1018.8,440.3,196.0,573.7,636.4,1091.5,636.4,594.0,NaN
1753977600,30.3,56,20.5,33.2,0.10,0.10,0.00,0.00,51,1014.6,1009.0,94,0.45,1.91,9.0,12.9,70,67,29.2,568.0,331.0,237.0,383.6,1145.3,343.7,246.1,398.3,589.8,1189.3,589.8,568.0,NaN
1753981200,30.8,56,20.9,34.2,0.10,0.10,0.00,0.00,51,1014.7,1009.1,100,0.47,1.97,7.7,10.5,54,61,28.1,588.0,253.0,335.0,277.1,1212.2,255.5,338.4,279.9,593.9,1224.4,593.9,588.0,NaN
1753984800,27.3,70,21.3,30.2,1.60,1.60,0.00,0.00,61,1014.9,1009.3,100,0.28,1.09,11.2,15.6,118,109,28.4,351.0,103.0,248.0,112.6,1214.7,101.3,243.8,110.7,345.1,1194.4,345.1,351.0,NaN
1753988400,26.0,75,21.2,29.6,0.60,0.60,0.00,0.00,53,1014.6,1008.9,100,0.24,0.83,6.1,8.9,95,99,32.0,316.0,79.0,237.0,91.0,1152.8,75.5,226.4,86.9,301.9,1101.3,301.9,316.0,NaN
1753992000,26.3,73,21.1,29.7,0.10,0.10,0.00,0.00,51,1014.3,1008.6,99,0.21,0.93,7.1,10.3,54,57,20.2,265.0,55.0,210.0,70.8,1030.7,50.8,193.9,65.4,244.6,951.5,244.6,265.0,NaN
1753995600,26.8,70,20.9,29.5,0.20,0.20,0.00,0.00,51,1014.1,1008.5,100,0.25,1.05,10.5,15.7,70,68,27.4,319.0,116.0,203.0,179.8,856.6,102.3,178.9,158.5,281.2,755.1,281.2,319.0,NaN
1753999200,24.0,87,21.7,26.8,4.50,4.50,0.00,0.00,63,1014.5,1008.8,100,0.11,0.40,13.2,20.6,58,62,31.3,140.0,6.0,134.0,12.4,642.4,4.9,109.6,10.1,114.5,525.6,114.5,140.0,NaN
1754002800,23.1,88,21.0,25.8,1.10,1.10,0.00,0.00,55,1014.6,1008.9,100,0.06,0.33,11.3,17.9,59,58,31.7,64.0,1.0,63.0,3.3,402.7,0.7,43.6,2.3,44.3,278.5,44.3,64.0,NaN
1754006400,23.0,88,20.8,26.0,0.40,0.40,0.00,0.00,51,1015.0,1009.3,100,0.04,0.34,8.6,13.9,30,38,27.4,25.0,0.0,25.0,0.0,153.8,0.0,5.0,0.0,4.1,30.7,5.0,25.0,NaN
1754010000,20.0,93,18.8,21.3,0.20,0.20,0.00,0.00,51,1016.9,1011.1,100,0.02,0.16,13.6,23.3,26,28,36.7,0.0,0.0,0.0,0.0,5.5,0.0,0.0,0.0,0.0,0.0,0.0,0.0,NaN
1754013600,20.0,87,17.7,20.9,0.20,0.20,0.00,0.00,51,1017.6,1011.8,100,0.01,0.31,12.9,20.9,30,36,33.5,0.0,0.0,0.0,0.0,0.0,0.0,0.0,0.0,0.0,0.0,0.0,0.0,NaN
1754017200,19.5,86,17.1,19.7,0.40,0.40,0.00,0.00,51,1017.8,1012.0,100,0.02,0.32,15.3,25.3,36,40,34.2,0.0,0.0,0.0,0.0,0.0,0.0,0.0,0.0,0.0,0.0,0.0,0.0,NaN
1754020800,19.0,88,16.9,19.1,0.40,0.40,0.00,0.00,51,1017.9,1012.1,100,0.01,0.27,16.5,27.8,37,39,36.7,0.0,0.0,0.0,0.0,0.0,0.0,0.0,0.0,0.0,0.0,0.0,0.0,NaN
1754024400,18.9,88,16.8,19.2,0.20,0.20,0.00,0.00,51,1018.0,1012.2,100,0.01,0.26,14.6,23.8,26,29,36.7,0.0,0.0,0.0,0.0,0.0,0.0,0.0,0.0,0.0,0.0,0.0,0.0,NaN
1754028000,18.4,88,16.3,18.6,0.20,0.20,0.00,0.00,51,1017.9,1012.1,100,0.01,0.26,13.9,22.8,21,24,36.4,0.0,0.0,0.0,0.0,0.0,0.0,0.0,0.0,0.0,0.0,0.0,0.0,NaN
1754031600,18.1,88,16.1,18.3,0.20,0.20,0.00,0.00,51,1018.5,1012.7,100,0.01,0.25,13.4,21.3,20,21,33.8,0.0,0.0,0.0,0.0,0.0,0.0,0.0,0.0,0.0,0.0,0.0,0.0,NaN
1754035200,17.9,88,15.8,18.0,0.30,0.30,0.00,0.00,51,1018.6,1012.8,100,0.01,0.26,13.3,21.8,21,24,33.8,0.0,0.0,0.0,0.0,0.0,0.0,0.0,0.0,0.0,0.0,0.0,0.0,NaN
1754038800,17.7,87,15.5,17.6,0.10,0.10,0.00,0.00,51,1018.7,1012.9,100,0.01,0.26,14.0,22.6,23,24,34.9,0.0,0.0,0.0,0.0,0.0,0.0,0.0,0.0,0.0,0.0,0.0,0.0,NaN
1754042400,17.6,86,15.2,17.4,0.00,0.00,0.00,0.00,3,1019.2,1013.4,100,0.01,0.28,13.2,21.7,20,21,34.9,0.0,0.0,0.0,0.0,0.0,0.0,0.0,0.0,0.0,9.6,0.0,0.0,NaN
1754046000,17.8,84,15.0,17.5,0.00,0.00,0.00,0.00,3,1020.1,1014.3,100,0.04,0.33,13.5,22.3,25,27,31.7,19.0,0.0,19.0,0.0,132.2,0.0,36.9,0.0,27.7,256.6,36.9,19.0,NaN
1754049600,18.3,81,15.0,17.7,0.00,0.00,0.00,0.00,3,1020.7,1014.9,100,0.08,0.40,15.6,25.2,30,30,36.0,88.0,1.0,87.0,3.5,381.0,1.3,115.1,4.6,116.5,504.3,116.5,88.0,NaN
1754053200,18.1,83,15.2,17.5,0.00,0.00,0.00,0.00,3,1021.4,1015.5,100,0.10,0.34,16.2,24.9,26,26,36.7,130.0,11.0,119.0,23.5,622.1,13.0,140.8,27.8,153.8,735.9,153.8,130.0,NaN
1754056800,18.9,80,15.3,18.5,0.00,0.00,0.00,0.00,3,1021.4,1015.6,100,0.15,0.45,15.5,23.8,32,32,37.1,229.0,30.0,199.0,47.5,838.9,33.5,221.9,53.0,255.4,935.4,255.4,229.0,NaN
1754060400,19.6,77,15.5,19.3,0.00,0.00,0.00,0.00,3,1021.8,1016.0,100,0.18,0.53,15.0,23.0,38,37,37.1,266.0,18.0,248.0,23.5,1016.7,19.3,265.7,25.2,285.0,1089.4,285.0,266.0,NaN
1754064000,20.1,76,15.7,20.3,0.10,0.10,0.00,0.00,51,1022.0,1016.2,100,0.18,0.57,12.3,19.1,38,39,34.9,251.0,5.0,246.0,5.8,1143.3,5.2,255.5,6.0,260.7,1187.3,260.7,251.0,NaN
1754067600,21.1,72,15.9,21.5,0.10,0.10,0.00,0.00,51,1021.7,1015.9,100,0.25,0.70,11.0,16.6,41,41,30.2,360.0,34.0,326.0,37.3,1210.2,34.3,329.3,37.7,363.6,1222.4,363.6,360.0,NaN
1754071200,22.0,69,15.9,22.5,0.10,0.10,0.00,0.00,51,1021.5,1015.7,100,0.29,0.83,10.5,15.6,38,39,28.4,429.0,65.0,364.0,71.2,1212.7,63.9,357.9,70.0,421.8,1192.3,421.8,429.0,NaN
1754074800,22.8,65,15.9,23.4,0.10,0.10,0.00,0.00,51,1021.4,1015.6,100,0.32,0.96,9.6,14.2,34,36,27.0,460.0,92.0,368.0,106.2,1150.6,87.9,351.5,101.4,439.3,1099.0,439.3,460.0,NaN
1754078400,22.6,67,16.1,23.2,0.00,0.00,0.00,0.00,3,1021.4,1015.6,100,0.26,0.91,10.1,15.0,33,34,26.6,369.0,101.0,268.0,130.4,1028.2,93.2,247.3,120.4,340.5,948.8,340.5,369.0,NaN
1754082000,22.4,68,16.2,22.9,0.00,0.00,0.00,0.00,3,1021.3,1015.5,100,0.22,0.87,11.4,17.2,29,30,27.4,304.0,67.0,237.0,104.2,853.8,59.0,208.8,91.8,267.8,752.1,267.8,304.0,NaN
1754085600,21.7,71,16.3,22.4,0.00,0.00,0.00,0.00,3,1021.4,1015.6,97,0.16,0.75,10.2,15.8,34,34,28.1,210.0,63.0,147.0,130.9,639.2,51.5,120.1,106.9,171.5,522.1,171.5,210.0,NaN
1754089200,21.4,73,16.4,22.5,0.00,0.00,0.00,0.00,2,1022.0,1016.2,72,0.12,0.69,8.0,13.0,36,38,24.1,176.0,81.0,95.0,269.5,399.1,55.7,65.4,185.5,121.1,274.6,121.1,176.0,NaN
1754092800,20.7,79,16.8,22.3,0.00,0.00,0.00,0.00,2,1022.5,1016.7,61,0.04,0.52,5.2,12.2,22,27,18.7,58.0,24.0,34.0,172.1,149.7,4.2,6.0,24.5,8.3,26.4,10.2,58.0,NaN
1754096400,20.1,83,17.1,22.3,0.00,0.00,0.00,0.00,2,1023.3,1017.5,78,0.02,0.40,2.6,7.8,25,44,11.9,0.0,0.0,0.0,0.0,3.4,0.0,0.0,0.0,0.0,0.0,0.0,0.0,NaN
1754100000,19.8,84,17.0,21.8,0.00,0.00,0.00,0.00,2,1023.6,1017.8,76,0.00,0.38,3.1,7.2,332,3,6.8,0.0,0.0,0.0,0.0,0.0,0.0,0.0,0.0,0.0,0.0,0.0,0.0,NaN
1754103600,19.5,85,16.9,21.5,0.00,0.00,0.00,0.00,0,1023.7,1017.9,1,0.00,0.34,3.6,9.8,330,347,7.9,0.0,0.0,0.0,0.0,0.0,0.0,0.0,0.0,0.0,0.0,0.0,0.0,NaN
1754107200,19.0,88,17.0,21.0,0.00,0.00,0.00,0.00,0,1023.4,1017.6,0,0.00,0.27,3.5,10.2,332,347,7.9,0.0,0.0,0.0,0.0,0.0,0.0,0.0,0.0,0.0,0.0,0.0,0.0,NaN
1754110800,18.7,90,17.0,20.8,0.00,0.00,0.00,0.00,0,1023.3,1017.5,2,0.00,0.23,2.7,8.3,323,340,7.2,0.0,0.0,0.0,0.0,0.0,0.0,0.0,0.0,0.0,0.0,0.0,0.0,NaN
1754114400,18.5,90,16.9,20.5,0.00,0.00,0.00,0.00,0,1023.1,1017.2,0,0.00,0.20,2.9,8.3,313,330,6.1,0.0,0.0,0.0,0.0,0.0,0.0,0.0,0.0,0.0,0.0,0.0,0.0,NaN
1754118000,18.0,92,16.6,19.8,0.00,0.00,0.00,0.00,0,1023.2,1017.3,0,0.00,0.17,3.4,10.4,313,326,7.6,0.0,0.0,0.0,0.0,0.0,0.0,0.0,0.0,0.0,0.0,0.0,0.0,NaN
1754121600,17.8,91,16.3,19.3,0.00,0.00,0.00,0.00,0,1023.2,1017.3,1,0.00,0.19,4.9,14.4,332,342,10.4,0.0,0.0,0.0,0.0,0.0,0.0,0.0,0.0,0.0,0.0,0.0,0.0,NaN
1754125200,17.5,86,15.1,17.9,0.00,0.00,0.00,0.00,0,1023.4,1017.5,0,0.00,0.29,9.3,20.4,344,355,19.4,0.0,0.0,0.0,0.0,0.0,0.0,0.0,0.0,0.0,0.0,0.0,0.0,NaN
1754128800,16.8,81,13.5,16.5,0.00,0.00,0.00,0.00,0,1024.0,1018.1,11,0.01,0.36,9.7,21.2,356,359,21.2,0.0,0.0,0.0,0.0,0.0,0.0,0.0,0.0,0.0,5.8,0.0,0.0,NaN
1754132400,16.7,78,12.8,16.3,0.00,0.00,0.00,0.00,1,1024.4,1018.5,24,0.04,0.42,8.8,20.9,360,7,22.0,54.0,28.0,26.0,212.9,128.6,55.1,51.2,308.7,78.3,253.2,106.3,54.0,NaN
1754136000,17.6,75,13.2,17.4,0.00,0.00,0.00,0.00,0,1024.6,1018.7,1,0.12,0.50,8.7,14.6,4,10,20.9,213.0,146.0,67.0,513.1,377.9,193.7,88.9,680.8,282.6,501.4,282.6,213.0,NaN
1754139600,19.4,73,14.4,19.8,0.00,0.00,0.00,0.00,0,1024.9,1019.1,1,0.23,0.61,7.0,10.8,4,11,21.6,399.0,308.0,91.0,660.5,619.3,364.7,107.7,782.1,472.4,733.3,472.4,399.0,NaN
1754143200,21.1,66,14.5,21.7,0.00,0.00,0.00,0.00,1,1024.9,1019.1,23,0.35,0.85,7.3,10.7,9,13,21.6,578.0,470.0,108.0,746.3,836.4,524.3,120.5,832.6,644.8,933.1,644.8,578.0,NaN
1754146800,22.7,57,13.9,23.9,0.00,0.00,0.00,0.00,2,1024.7,1018.9,58,0.46,1.18,8.0,11.7,18,23,23.8,730.0,610.0,120.0,798.6,1014.5,653.8,128.6,855.9,782.4,1087.3,782.4,730.0,NaN
1754150400,23.8,49,12.5,25.1,0.00,0.00,0.00,0.00,1,1024.1,1018.3,23,0.55,1.51,8.7,12.6,32,36,25.6,843.0,718.0,125.0,835.6,1141.3,745.7,129.8,867.8,875.5,1185.3,875.5,843.0,NaN
1754154000,24.6,45,11.8,26.1,0.00,0.00,0.00,0.00,3,1023.6,1017.9,100,0.60,1.70,7.8,11.2,40,42,25.6,907.0,779.0,128.0,856.4,1208.2,786.8,129.3,865.0,916.1,1220.3,916.1,907.0,NaN
1754157600,25.2,42,11.4,26.9,0.00,0.00,0.00,0.00,3,1023.1,1017.4,100,0.61,1.86,6.6,9.3,21,24,23.8,900.0,749.0,151.0,821.8,1210.6,736.3,148.4,807.8,884.8,1190.1,884.8,900.0,NaN
1754161200,25.0,40,10.5,24.4,0.00,0.00,0.00,0.00,3,1022.7,1017.0,100,0.44,1.90,7.3,10.1,353,355,20.9,596.0,300.0,296.0,347.0,1148.3,286.5,282.7,331.3,569.1,1096.5,569.1,596.0,NaN
1754164800,25.0,41,11.0,24.3,0.00,0.00,0.00,0.00,3,1022.2,1016.5,100,0.40,1.86,7.3,10.4,351,351,22.0,542.0,253.0,289.0,327.6,1025.6,233.4,266.6,302.2,500.0,946.1,500.0,542.0,NaN
1754168400,25.0,41,10.9,24.5,0.00,0.00,0.00,0.00,3,1021.8,1016.1,100,0.28,1.87,5.3,7.9,24,17,19.8,373.0,126.0,247.0,196.7,850.8,110.9,217.4,173.1,328.3,749.0,328.3,373.0,NaN
1754172000,24.6,43,11.3,23.9,0.00,0.00,0.00,0.00,3,1021.6,1015.9,100,0.22,1.76,7.5,12.2,60,53,17.3,243.0,42.0,201.0,87.7,635.8,34.3,163.9,71.6,198.2,518.6,198.2,243.0,NaN
1754175600,23.3,53,13.1,23.2,0.00,0.00,0.00,0.00,3,1021.6,1015.9,100,0.14,1.36,7.3,15.5,67,63,19.8,145.0,35.0,110.0,117.6,395.3,24.0,75.3,80.5,99.3,270.6,99.3,145.0,NaN
1754179200,21.7,67,15.3,23.2,0.00,0.00,0.00,0.00,3,1021.9,1016.1,99,0.03,0.86,2.4,8.5,77,73,16.6,44.0,4.0,40.0,29.0,145.5,0.6,6.0,3.5,5.3,21.9,6.6,44.0,NaN
1754182800,20.9,73,15.8,22.7,0.00,0.00,0.00,0.00,1,1022.5,1016.7,46,0.02,0.68,1.5,8.5,159,187,7.2,0.0,0.0,0.0,0.0,1.2,0.0,0.0,0.0,0.0,0.0,0.0,0.0,NaN
1754186400,20.4,75,15.8,22.1,0.00,0.00,0.00,0.00,2,1022.8,1017.0,55,0.00,0.61,1.8,9.1,217,207,3.2,0.0,0.0,0.0,0.0,0.0,0.0,0.0,0.0,0.0,0.0,0.0,0.0,NaN
1754190000,19.7,79,16.0,21.1,0.00,0.00,0.00,0.00,3,1022.7,1016.9,99,0.00,0.47,4.7,13.1,230,222,10.1,0.0,0.0,0.0,0.0,0.0,0.0,0.0,0.0,0.0,0.0,0.0,0.0,NaN
1754193600,19.0,84,16.3,20.8,0.00,0.00,0.00,0.00,2,1022.4,1016.6,71,0.00,0.34,3.1,9.6,249,237,9.7,0.0,0.0,0.0,0.0,0.0,0.0,0.0,0.0,0.0,0.0,0.0,0.0,NaN
1754197200,18.8,85,16.2,20.8,0.00,0.00,0.00,0.00,0,1022.1,1016.3,6,0.00,0.33,1.0,5.4,329,278,5.4,0.0,0.0,0.0,0.0,0.0,0.0,0.0,0.0,0.0,0.0,0.0,0.0,NaN
1754200800,18.3,87,16.2,20.3,0.00,0.00,0.00,0.00,0,1021.7,1015.9,1,0.00,0.27,1.2,4.7,27,353,3.2,0.0,0.0,0.0,0.0,0.0,0.0,0.0,0.0,0.0,0.0,0.0,0.0,NaN
1754204400,18.0,88,16.0,19.9,0.00,0.00,0.00,0.00,0,1021.6,1015.7,12,0.00,0.24,0.9,5.2,349,16,3.2,0.0,0.0,0.0,0.0,0.0,0.0,0.0,0.0,0.0,0.0,0.0,0.0,NaN
1754208000,17.1,91,15.6,18.5,0.00,0.00,0.00,0.00,0,1021.5,1015.6,0,0.00,0.17,3.5,8.5,325,354,6.8,0.0,0.0,0.0,0.0,0.0,0.0,0.0,0.0,0.0,0.0,0.0,0.0,NaN
1754211600,16.9,87,14.8,17.8,0.00,0.00,0.00,0.00,0,1021.8,1015.9,0,0.00,0.24,4.4,12.8,341,358,9.7,0.0,0.0,0.0,0.0,0.0,0.0,0.0,0.0,0.0,0.0,0.0,0.0,NaN
1754215200,16.4,85,13.8,17.0,0.00,0.00,0.00,0.00,0,1021.8,1015.9,0,0.00,0.29,4.5,13.4,360,5,9.7,0.0,0.0,0.0,0.0,0.0,0.0,0.0,0.0,0.0,1.9,0.0,0.0,NaN
1754218800,17.3,81,14.0,17.7,0.00,0.00,0.00,0.00,0,1022.2,1016.3,0,0.03,0.38,5.8,14.0,355,7,11.5,53.0,28.0,25.0,215.0,125.0,55.9,50.0,310.5,76.5,249.8,105.9,53.0,NaN
1754222400,18.7,77,14.5,19.6,0.00,0.00,0.00,0.00,0,1022.2,1016.4,0,0.11,0.50,4.2,15.3,353,9,13.0,211.0,147.0,64.0,521.2,374.7,195.5,85.1,693.2,280.7,498.4,280.7,211.0,NaN
1754226000,20.5,68,14.3,21.3,0.00,0.00,0.00,0.00,0,1022.3,1016.5,0,0.23,0.78,3.8,8.3,5,13,14.0,401.0,314.0,87.0,676.6,616.5,372.1,103.1,801.9,475.3,730.6,475.3,401.0,NaN
1754229600,22.9,56,13.8,23.6,0.00,0.00,0.00,0.00,0,1022.3,1016.5,0,0.37,1.22,5.0,7.8,13,19,17.3,584.0,483.0,101.0,769.4,834.0,539.1,112.7,858.8,651.8,930.8,651.8,584.0,NaN
1754233200,24.7,46,12.5,25.8,0.00,0.00,0.00,0.00,0,1022.3,1016.6,0,0.49,1.67,6.1,9.0,19,23,20.2,737.0,627.0,110.0,822.9,1012.2,672.2,117.9,882.2,790.1,1085.2,790.1,737.0,NaN
1754236800,25.8,40,11.2,27.2,0.00,0.00,0.00,0.00,0,1021.8,1016.1,0,0.58,1.98,5.6,8.1,27,28,20.2,848.0,732.0,116.0,853.7,1139.2,760.3,120.5,886.7,880.8,1183.2,880.8,848.0,NaN
1754240400,26.5,38,11.2,28.4,0.00,0.00,0.00,0.00,0,1021.1,1015.4,0,0.63,2.13,5.0,7.2,30,32,19.8,907.0,787.0,120.0,866.9,1206.1,794.9,121.2,875.6,916.1,1218.2,916.1,907.0,NaN
1754244000,27.1,37,11.2,29.1,0.00,0.00,0.00,0.00,0,1020.5,1014.8,0,0.63,2.26,4.9,6.9,24,31,19.1,908.0,789.0,119.0,867.4,1208.4,775.6,117.0,852.6,892.5,1187.8,892.5,908.0,NaN
1754247600,27.7,36,11.4,29.5,0.00,0.00,0.00,0.00,0,1019.7,1014.0,0,0.60,2.36,4.0,5.8,21,30,18.4,852.0,736.0,116.0,853.3,1146.0,702.7,110.7,814.6,813.4,1094.0,813.4,852.0,NaN
1754251200,28.0,36,11.6,29.5,0.00,0.00,0.00,0.00,0,1019.1,1013.5,5,0.51,2.41,1.7,2.7,49,48,16.6,744.0,635.0,109.0,824.7,1023.0,585.5,100.5,760.4,686.0,943.2,686.0,744.0,NaN
1754254800,27.7,37,11.6,28.1,0.00,0.00,0.00,0.00,0,1018.8,1013.2,6,0.41,2.35,2.5,3.1,159,152,11.9,594.0,493.0,101.0,772.6,847.8,433.6,88.8,679.6,522.5,745.7,522.5,594.0,NaN
1754258400,26.8,40,12.0,26.4,0.00,0.00,0.00,0.00,0,1018.6,1012.9,3,0.31,2.13,6.9,9.3,171,171,19.1,415.0,330.0,85.0,693.3,632.4,268.7,69.2,564.5,337.9,514.9,337.9,415.0,NaN
1754262000,25.1,47,12.9,24.4,0.00,0.00,0.00,0.00,0,1018.9,1013.2,0,0.20,1.69,11.2,18.5,175,178,26.3,224.0,158.0,66.0,536.4,391.3,107.6,44.9,365.2,152.5,266.4,152.5,224.0,NaN
1754265600,23.0,53,12.8,22.6,0.00,0.00,0.00,0.00,0,1019.4,1013.7,0,0.09,1.33,9.0,19.6,177,179,26.3,61.0,33.0,28.0,242.0,141.2,4.1,3.4,23.2,5.8,17.4,7.5,61.0,NaN
1754269200,22.0,60,13.9,22.6,0.00,0.00,0.00,0.00,0,1020.0,1014.2,1,0.01,1.05,4.4,13.3,187,178,16.9,0.0,0.0,0.0,0.0,0.0,0.0,0.0,0.0,0.0,0.0,0.0,0.0,NaN
1754272800,21.2,67,14.9,22.3,0.00,0.00,0.00,0.00,0,1020.5,1014.7,0,0.01,0.83,4.0,12.4,177,180,9.7,0.0,0.0,0.0,0.0,0.0,0.0,0.0,0.0,0.0,0.0,0.0,0.0,NaN
1754276400,20.7,68,14.6,21.7,0.00,0.00,0.00,0.00,0,1020.2,1014.4,0,0.01,0.78,4.1,12.9,195,189,9.0,0.0,0.0,0.0,0.0,0.0,0.0,0.0,0.0,0.0,0.0,0.0,0.0,NaN
1754280000,20.1,72,14.8,21.1,0.00,0.00,0.00,0.00,0,1020.0,1014.2,0,0.00,0.67,3.8,11.6,221,217,8.6,0.0,0.0,0.0,0.0,0.0,0.0,0.0,0.0,0.0,0.0,0.0,0.0,NaN
1754283600,19.5,75,15.0,20.6,0.00,0.00,0.00,0.00,0,1020.0,1014.2,0,0.00,0.57,3.9,11.9,227,232,7.9,0.0,0.0,0.0,0.0,0.0,0.0,0.0,0.0,0.0,0.0,0.0,0.0,NaN
1754287200,19.0,77,14.9,20.1,0.00,0.00,0.00,0.00,0,1019.7,1013.9,0,0.00,0.51,3.7,11.3,241,250,7.9,0.0,0.0,0.0,0.0,0.0,0.0,0.0,0.0,0.0,0.0,0.0,0.0,NaN
1754290800,18.6,80,15.0,19.8,0.00,0.00,0.00,0.00,0,1019.5,1013.7,0,0.00,0.44,3.2,7.9,218,254,7.2,0.0,0.0,0.0,0.0,0.0,0.0,0.0,0.0,0.0,0.0,0.0,0.0,NaN
1754294400,18.1,83,15.2,19.4,0.00,0.00,0.00,0.00,0,1019.5,1013.7,0,0.00,0.34,3.1,6.4,211,241,6.8,0.0,0.0,0.0,0.0,0.0,0.0,0.0,0.0,0.0,0.0,0.0,0.0,NaN
1754298000,17.7,85,15.2,19.1,0.00,0.00,0.00,0.00,0,1019.6,1013.8,0,0.00,0.30,2.5,5.4,225,250,6.1,0.0,0.0,0.0,0.0,0.0,0.0,0.0,0.0,0.0,0.0,0.0,0.0,NaN
1754301600,17.2,89,15.4,18.6,0.00,0.00,0.00,0.00,0,1020.3,1014.4,0,0.00,0.22,3.3,6.8,229,235,6.5,0.0,0.0,0.0,0.0,0.0,0.0,0.0,0.0,0.0,0.0,0.0,0.0,NaN
1754305200,18.4,85,15.8,19.8,0.00,0.00,0.00,0.00,0,1020.8,1015.0,0,0.02,0.33,4.1,8.1,272,266,8.6,51.0,27.0,24.0,209.5,121.4,54.8,48.7,301.3,73.4,246.4,103.5,51.0,NaN
1754308800,20.1,78,16.0,21.8,0.00,0.00,0.00,0.00,0,1021.3,1015.5,0,0.11,0.53,2.6,7.0,304,312,10.8,209.0,146.0,63.0,522.3,371.5,194.7,84.0,696.5,278.7,495.3,278.7,209.0,NaN
1754312400,22.2,67,15.8,23.8,0.00,0.00,0.00,0.00,0,1021.4,1015.6,0,0.24,0.88,2.1,3.6,322,333,12.2,396.0,309.0,87.0,669.1,613.7,366.6,103.2,793.8,469.8,728.0,469.8,396.0,NaN
1754316000,25.1,52,14.6,26.3,0.00,0.00,0.00,0.00,0,1021.4,1015.7,0,0.38,1.53,3.5,5.2,339,346,15.5,579.0,479.0,100.0,765.6,831.4,534.9,111.7,854.8,646.5,928.4,646.5,579.0,NaN
1754319600,27.6,42,13.5,29.3,0.00,0.00,0.00,0.00,0,1021.2,1015.5,0,0.51,2.15,4.1,6.2,345,350,18.0,734.0,625.0,109.0,822.3,1010.0,670.2,116.9,881.8,787.1,1083.0,787.1,734.0,NaN
1754323200,29.3,36,12.8,31.4,0.00,0.00,0.00,0.00,0,1020.6,1015.0,0,0.61,2.61,4.6,6.5,342,347,19.4,845.0,730.0,115.0,853.2,1137.0,758.3,119.5,886.2,877.7,1181.1,877.7,845.0,NaN
1754326800,30.7,32,12.2,33.0,0.00,0.00,0.00,0.00,0,1020.3,1014.7,0,0.67,3.00,4.4,6.1,322,330,19.4,904.0,786.0,118.0,867.6,1204.0,793.9,119.2,876.3,913.1,1216.1,913.1,904.0,NaN
1754330400,31.9,28,11.0,33.7,0.00,0.00,0.00,0.00,0,1019.7,1014.1,0,0.68,3.41,4.8,6.8,329,338,20.2,904.0,786.0,118.0,866.0,1206.2,772.5,116.0,851.1,888.5,1185.5,888.5,904.0,NaN
1754334000,32.8,25,10.2,34.2,0.00,0.00,0.00,0.00,1,1019.2,1013.6,34,0.64,3.74,4.3,6.1,332,341,20.5,848.0,734.0,114.0,853.0,1143.5,700.6,108.8,814.2,809.4,1091.4,809.4,848.0,NaN
1754337600,33.2,24,9.9,34.3,0.00,0.00,0.00,0.00,1,1018.8,1013.3,34,0.53,3.86,1.1,2.2,351,5,19.1,739.0,628.0,111.0,818.0,1020.2,578.8,102.3,754.0,681.1,940.3,681.1,739.0,NaN
1754341200,32.8,25,10.0,32.5,0.00,0.00,0.00,0.00,3,1018.8,1013.2,100,0.44,3.75,4.1,5.1,146,148,17.6,588.0,489.0,99.0,769.4,844.6,429.8,87.0,676.2,516.8,742.4,516.8,588.0,NaN
1754344800,31.1,32,12.4,30.4,0.00,0.00,0.00,0.00,3,1018.8,1013.2,99,0.34,3.07,9.7,13.3,140,140,27.0,372.0,232.0,140.0,490.3,628.8,188.6,113.8,398.5,302.4,511.1,302.4,372.0,NaN
1754348400,28.5,40,13.7,27.6,0.00,0.00,0.00,0.00,0,1019.5,1013.9,9,0.24,2.32,13.9,21.1,151,154,33.5,181.0,71.0,110.0,243.6,387.3,48.1,74.5,164.9,122.5,262.2,122.5,181.0,NaN
1754352000,26.4,43,12.9,25.8,0.00,0.00,0.00,0.00,0,1020.3,1014.6,0,0.12,1.95,10.1,16.7,170,168,32.8,58.0,32.0,26.0,237.4,136.7,3.0,2.4,16.8,4.1,12.7,5.4,58.0,NaN
1754355600,25.7,50,14.5,26.5,0.00,0.00,0.00,0.00,1,1021.2,1015.5,27,0.03,1.66,4.9,10.2,170,166,18.4,0.0,0.0,0.0,0.0,0.0,0.0,0.0,0.0,0.0,0.0,0.0,0.0,NaN
1754359200,24.7,52,14.1,25.5,0.00,0.00,0.00,0.00,2,1021.8,1016.1,69,0.02,1.50,4.0,11.7,190,185,11.9,0.0,0.0,0.0,0.0,0.0,0.0,0.0,0.0,0.0,0.0,0.0,0.0,NaN
1754362800,23.7,55,14.1,24.5,0.00,0.00,0.00,0.00,2,1022.2,1016.5,59,0.02,1.33,3.6,11.4,200,196,10.4,0.0,0.0,0.0,0.0,0.0,0.0,0.0,0.0,0.0,0.0,0.0,0.0,NaN
1754366400,23.0,61,15.1,24.0,0.00,0.00,0.00,0.00,0,1022.6,1016.8,1,0.02,1.09,4.5,12.6,214,208,10.4,0.0,0.0,0.0,0.0,0.0,0.0,0.0,0.0,0.0,0.0,0.0,0.0,NaN
1754370000,22.0,70,16.2,23.7,0.00,0.00,0.00,0.00,0,1022.8,1017.0,7,0.00,0.80,3.4,10.9,223,220,10.1,0.0,0.0,0.0,0.0,0.0,0.0,0.0,0.0,0.0,0.0,0.0,0.0,NaN
1754373600,21.4,77,17.1,23.6,0.00,0.00,0.00,0.00,3,1022.7,1016.9,94,0.00,0.60,2.2,7.3,246,250,7.9,0.0,0.0,0.0,0.0,0.0,0.0,0.0,0.0,0.0,0.0,0.0,0.0,NaN
1754377200,21.3,77,17.1,23.7,0.00,0.00,0.00,0.00,3,1022.8,1017.0,97,0.00,0.58,0.8,5.4,315,318,4.7,0.0,0.0,0.0,0.0,0.0,0.0,0.0,0.0,0.0,0.0,0.0,0.0,NaN
1754380800,21.3,77,17.1,23.7,0.00,0.00,0.00,0.00,3,1023.0,1017.2,100,0.00,0.58,0.8,6.2,45,17,1.8,0.0,0.0,0.0,0.0,0.0,0.0,0.0,0.0,0.0,0.0,0.0,0.0,NaN
1754384400,21.0,78,17.1,23.3,0.00,0.00,0.00,0.00,3,1023.3,1017.5,95,0.00,0.54,1.3,7.7,360,24,2.9,0.0,0.0,0.0,0.0,0.0,0.0,0.0,0.0,0.0,0.0,0.0,0.0,NaN
1754388000,20.3,80,16.8,22.2,0.00,0.00,0.00,0.00,3,1023.7,1017.9,100,0.00,0.47,3.3,9.8,13,26,5.8,0.0,0.0,0.0,0.0,0.0,0.0,0.0,0.0,0.0,0.0,0.0,0.0,NaN
1754391600,21.2,76,16.7,22.9,0.00,0.00,0.00,0.00,3,1024.2,1018.4,100,0.03,0.62,4.5,11.2,7,28,9.0,23.0,0.0,23.0,0.0,117.7,0.0,47.5,0.0,32.9,242.9,47.5,23.0,NaN
1754395200,22.3,73,17.2,24.2,0.00,0.00,0.00,0.00,3,1024.6,1018.8,100,0.09,0.74,4.9,11.2,360,19,13.3,128.0,19.0,109.0,68.6,368.2,25.4,145.7,91.7,171.1,492.3,171.1,128.0,NaN
1754398800,23.3,70,17.6,25.2,0.00,0.00,0.00,0.00,3,1025.2,1019.4,100,0.19,0.85,5.8,9.9,22,27,17.6,271.0,103.0,168.0,224.2,610.8,122.3,199.5,266.2,321.8,725.3,321.8,271.0,NaN
1754402400,25.2,63,17.7,27.2,0.00,0.00,0.00,0.00,3,1025.6,1019.9,100,0.29,1.18,5.5,8.3,41,48,19.1,417.0,168.0,249.0,269.4,828.9,187.7,278.2,301.0,465.9,926.0,465.9,417.0,NaN
1754406000,27.1,56,17.6,29.1,0.00,0.00,0.00,0.00,3,1026.0,1020.3,100,0.39,1.58,5.1,7.3,51,57,18.7,537.0,244.0,293.0,321.9,1007.7,261.7,314.3,345.2,576.0,1080.7,576.0,537.0,NaN
1754409600,28.4,49,16.7,30.3,0.00,0.00,0.00,0.00,3,1026.1,1020.4,100,0.46,1.97,5.6,8.2,75,76,20.5,607.0,230.0,377.0,269.4,1134.8,238.9,391.6,279.9,630.6,1178.9,630.6,607.0,NaN
1754413200,29.3,45,16.1,31.2,0.00,0.00,0.00,0.00,2,1025.8,1020.1,66,0.51,2.25,6.5,9.0,88,91,22.7,669.0,330.0,339.0,365.0,1201.8,333.3,342.4,368.7,675.7,1213.8,675.7,669.0,NaN
1754416800,30.2,42,15.9,32.6,0.00,0.00,0.00,0.00,3,1025.4,1019.8,98,0.58,2.48,6.5,9.0,87,88,23.4,765.0,542.0,223.0,598.5,1203.9,532.6,219.2,588.1,751.8,1183.1,751.8,765.0,NaN
1754420400,30.2,42,16.0,31.9,0.20,0.20,0.00,0.00,51,1025.4,1019.8,100,0.51,2.46,6.8,9.7,108,108,23.8,659.0,441.0,218.0,513.8,1141.0,420.8,208.0,490.3,628.8,1088.8,628.8,659.0,NaN
1754424000,29.7,44,16.2,30.9,0.00,0.00,0.00,0.00,3,1025.3,1019.7,100,0.38,2.33,6.8,9.5,122,122,23.8,457.0,185.0,272.0,241.7,1017.4,170.4,250.6,222.7,421.0,937.3,421.0,457.0,NaN
1754427600,29.3,46,16.5,30.5,0.00,0.00,0.00,0.00,3,1025.1,1019.4,100,0.33,2.20,6.7,9.3,136,133,22.0,395.0,194.0,201.0,306.5,841.4,170.4,176.5,269.2,346.9,738.9,346.9,395.0,NaN
1754431200,27.7,52,16.9,28.8,0.00,0.00,0.00,0.00,3,1025.2,1019.5,85,0.22,1.79,8.9,12.5,155,153,24.1,220.0,81.0,139.0,172.3,625.1,65.7,112.8,139.8,178.5,507.2,178.5,220.0,NaN
1754434800,26.8,53,16.4,27.9,0.00,0.00,0.00,0.00,3,1025.3,1019.6,99,0.15,1.66,8.0,11.8,157,156,24.5,150.0,55.0,95.0,190.8,383.2,37.0,63.9,128.4,100.9,257.8,100.9,150.0,NaN
1754438400,25.8,55,16.1,26.7,0.00,0.00,0.00,NaN,3,1025.5,1019.8,97,0.08,1.48,8.2,12.7,151,149,20.5,38.0,5.0,33.0,37.6,132.1,0.3,2.0,1.7,1.7,7.9,2.3,38.0,NaN
1754442000,24.5,64,17.2,26.3,0.00,0.00,0.00,NaN,3,1026.2,1020.4,100,0.02,1.11,5.3,9.3,147,146,17.6,0.0,0.0,0.0,0.0,0.0,0.0,0.0,0.0,0.0,0.0,0.0,0.0,NaN
1754445600,23.9,68,17.7,26.2,0.00,0.00,0.00,NaN,3,1026.7,1020.9,100,0.01,0.94,3.8,8.0,135,132,11.9,0.0,0.0,0.0,0.0,0.0,0.0,0.0,0.0,0.0,0.0,0.0,0.0,NaN
1754449200,23.4,75,18.7,26.3,0.00,0.00,0.00,NaN,3,1027.1,1021.3,100,0.00,0.72,2.4,5.8,117,116,8.6,0.0,0.0,0.0,0.0,0.0,0.0,0.0,0.0,0.0,0.0,0.0,0.0,NaN
1754452800,23.0,77,18.7,25.8,0.00,0.00,0.00,NaN,3,1027.3,1021.5,100,0.00,0.66,2.9,7.4,86,86,7.2,0.0,0.0,0.0,0.0,0.0,0.0,0.0,0.0,0.0,0.0,0.0,0.0,NaN
1754456400,22.5,79,18.7,25.2,0.00,0.00,0.00,NaN,3,1027.4,1021.6,100,0.00,0.58,3.8,9.7,87,86,8.6,0.0,0.0,0.0,0.0,0.0,0.0,0.0,0.0,0.0,0.0,0.0,0.0,NaN
1754460000,22.0,83,18.9,24.7,0.00,0.00,0.00,NaN,3,1027.4,1021.6,100,0.00,0.46,4.6,10.5,79,86,10.4,0.0,0.0,0.0,0.0,0.0,0.0,0.0,0.0,0.0,0.0,0.0,0.0,NaN
1754463600,21.5,86,19.1,24.1,0.00,0.00,0.00,NaN,3,1027.6,1021.8,100,0.00,0.35,5.1,11.1,67,77,11.2,0.0,0.0,0.0,0.0,0.0,0.0,0.0,0.0,0.0,0.0,0.0,0.0,NaN
1754467200,21.4,84,18.5,23.5,0.00,0.00,0.00,NaN,3,1027.7,1021.9,100,0.00,0.42,6.7,13.0,63,73,14.8,0.0,0.0,0.0,0.0,0.0,0.0,0.0,0.0,0.0,0.0,0.0,0.0,NaN
1754470800,21.1,81,17.7,23.0,0.00,0.00,0.00,NaN,3,1027.5,1021.7,100,0.00,0.48,6.4,13.5,63,74,15.1,0.0,0.0,0.0,0.0,0.0,0.0,0.0,0.0,0.0,0.0,0.0,0.0,NaN
1754474400,20.8,82,17.6,22.7,0.00,0.00,0.00,NaN,3,1027.9,1022.1,100,0.00,0.44,5.7,13.0,62,73,14.0,0.0,0.0,0.0,0.0,0.0,0.0,0.0,0.0,0.0,0.0,0.0,0.0,NaN
1754478000,21.1,82,18.0,22.9,0.00,0.00,0.00,NaN,3,1028.5,1022.7,100,0.04,0.44,7.6,13.1,62,67,16.9,29.0,2.0,27.0,15.8,113.9,4.2,56.7,22.6,41.4,239.4,60.9,29.0,NaN
1754481600,21.9,81,18.4,23.6,0.00,0.00,0.00,NaN,3,1028.7,1022.9,100,0.10,0.50,9.2,14.4,67,70,23.0,138.0,27.0,111.0,98.4,364.9,36.2,148.8,131.9,185.0,489.2,185.0,138.0,NaN
1754485200,23.0,74,18.2,24.6,0.00,0.00,0.00,NaN,3,1029.4,1023.6,100,0.18,0.73,9.5,14.1,68,67,26.3,246.0,52.0,194.0,113.7,607.9,61.8,230.6,135.2,292.4,722.6,292.4,246.0,NaN
1754488800,24.5,66,17.6,26.0,0.00,0.00,0.00,NaN,3,1029.7,1023.9,100,0.31,1.05,8.5,12.5,72,74,25.9,448.0,231.0,217.0,371.7,826.3,258.2,242.5,415.4,500.7,923.6,500.7,448.0,NaN
1754492400,25.9,56,16.6,27.1,0.00,0.00,0.00,NaN,3,1030.0,1024.3,100,0.41,1.46,8.5,12.3,84,86,26.3,571.0,298.0,273.0,394.1,1005.3,319.7,292.9,422.8,612.6,1078.5,612.6,571.0,NaN
1754496000,27.7,47,15.4,29.4,0.00,0.00,0.00,NaN,3,1029.7,1024.0,100,0.55,1.97,8.8,12.8,90,92,28.4,748.0,533.0,215.0,625.7,1132.6,553.8,223.4,650.1,777.1,1176.7,777.1,748.0,NaN
1754499600,28.0,45,15.1,28.4,0.00,0.00,0.00,NaN,3,1029.1,1023.4,100,0.42,2.06,8.5,12.0,103,104,28.1,514.0,104.0,410.0,115.3,1199.5,105.0,414.1,116.4,519.2,1211.6,519.2,514.0,NaN
1754503200,28.5,43,14.8,29.0,0.00,0.00,0.00,NaN,3,1028.6,1022.9,100,0.45,2.20,7.9,11.1,125,122,26.6,568.0,172.0,396.0,190.3,1201.5,169.0,389.1,187.0,558.1,1180.6,558.1,568.0,NaN
1754506800,27.9,42,13.9,27.8,0.00,0.00,0.00,NaN,3,1028.4,1022.7,100,0.35,2.17,9.5,13.5,143,139,26.6,386.0,50.0,336.0,58.4,1138.4,47.7,320.5,55.7,368.2,1086.0,368.2,386.0,NaN
1754510400,26.5,40,11.7,25.2,0.00,0.00,0.00,NaN,3,1028.2,1022.5,100,0.28,2.08,12.2,17.8,156,153,31.3,242.0,16.0,226.0,21.0,1014.4,14.7,208.1,19.3,222.9,934.1,222.9,242.0,NaN
1754514000,25.3,42,11.5,23.9,0.00,0.00,0.00,NaN,3,1028.1,1022.4,100,0.24,1.86,12.3,18.6,159,157,31.7,192.0,3.0,189.0,4.8,838.1,2.6,165.8,4.2,168.5,735.3,168.5,192.0,NaN
1754517600,24.5,47,12.4,23.7,0.00,0.00,0.00,NaN,3,1028.0,1022.2,100,0.18,1.63,10.6,16.3,148,148,31.0,134.0,10.0,124.0,21.4,621.3,8.1,100.4,17.3,108.5,503.1,108.5,134.0,NaN
1754521200,23.9,50,12.9,23.6,0.10,0.10,0.00,NaN,51,1028.2,1022.4,100,0.13,1.48,8.9,13.5,142,142,26.3,81.0,2.0,79.0,7.0,378.9,1.3,52.8,4.7,54.2,253.4,54.2,81.0,NaN
1754524800,23.2,53,13.1,23.1,0.10,0.10,0.00,NaN,51,1028.3,1022.5,100,0.08,1.34,7.8,12.0,134,135,22.0,20.0,0.0,20.0,0.0,127.4,0.0,0.5,0.0,0.3,3.0,0.5,20.0,NaN
1754528400,22.0,64,14.8,23.1,0.10,0.10,0.00,NaN,51,1029.6,1023.8,100,0.01,0.95,3.5,5.2,159,153,11.5,0.0,0.0,0.0,0.0,0.0,0.0,0.0,0.0,0.0,0.0,0.0,0.0,NaN
1754532000,21.4,69,15.5,22.8,0.30,0.30,0.00,NaN,51,1029.9,1024.1,100,0.00,0.79,3.1,5.0,187,180,9.4,0.0,0.0,0.0,0.0,0.0,0.0,0.0,0.0,0.0,0.0,0.0,0.0,NaN
1754535600,20.9,73,15.8,22.9,0.20,0.20,0.00,NaN,51,1029.8,1024.0,100,0.00,0.67,0.0,1.5,270,120,7.6,0.0,0.0,0.0,0.0,0.0,0.0,0.0,0.0,0.0,0.0,0.0,0.0,NaN
1754539200,20.5,75,16.0,22.2,0.10,0.10,0.00,NaN,51,1029.4,1023.6,100,0.00,0.59,2.2,4.6,48,81,5.4,0.0,0.0,0.0,0.0,0.0,0.0,0.0,0.0,0.0,0.0,0.0,0.0,NaN
1754542800,20.4,74,15.7,21.7,0.00,0.00,0.00,NaN,3,1029.1,1023.3,100,0.00,0.61,4.1,8.0,49,63,9.4,0.0,0.0,0.0,0.0,0.0,0.0,0.0,0.0,0.0,0.0,0.0,0.0,NaN
1754546400,20.3,74,15.4,21.4,0.00,0.00,0.00,NaN,3,1028.4,1022.6,100,0.01,0.63,5.0,9.9,44,53,11.5,0.0,0.0,0.0,0.0,0.0,0.0,0.0,0.0,0.0,0.0,0.0,0.0,NaN
1754550000,20.0,75,15.5,21.2,0.00,0.00,0.00,NaN,1,1027.9,1022.1,22,0.00,0.58,4.7,10.2,47,49,12.2,0.0,0.0,0.0,0.0,0.0,0.0,0.0,0.0,0.0,0.0,0.0,0.0,NaN
1754553600,19.5,79,15.7,20.7,0.00,0.00,0.00,NaN,1,1027.6,1021.7,25,0.00,0.48,5.0,12.7,41,52,11.5,0.0,0.0,0.0,0.0,0.0,0.0,0.0,0.0,0.0,0.0,0.0,0.0,NaN
1754557200,19.1,81,15.7,20.2,0.00,0.00,0.00,NaN,0,1027.6,1021.7,5,0.00,0.43,6.1,14.2,12,27,13.7,0.0,0.0,0.0,0.0,0.0,0.0,0.0,0.0,0.0,0.0,0.0,0.0,NaN
1754560800,18.8,83,15.9,20.0,0.00,0.00,0.00,NaN,0,1027.8,1021.9,8,0.00,0.37,6.0,14.5,25,38,13.7,0.0,0.0,0.0,0.0,0.0,0.0,0.0,0.0,0.0,0.0,0.0,0.0,NaN
1754564400,19.6,84,16.8,20.8,0.00,0.00,0.00,NaN,0,1028.2,1022.3,13,0.03,0.36,7.9,14.3,47,59,16.6,41.0,18.0,23.0,144.1,110.2,38.5,49.2,204.6,58.2,235.9,87.8,41.0,NaN
1754568000,21.0,80,17.3,22.3,0.00,0.00,0.00,NaN,0,1028.0,1022.2,11,0.11,0.51,8.7,13.1,69,71,21.6,188.0,118.0,70.0,434.0,361.6,158.6,94.1,583.5,252.7,486.1,252.7,188.0,NaN
1754571600,22.7,69,16.7,23.8,0.00,0.00,0.00,NaN,0,1028.3,1022.5,2,0.22,0.86,8.3,12.4,77,77,23.8,329.0,192.0,137.0,422.1,605.0,228.5,163.0,502.3,391.5,719.8,391.5,329.0,NaN
1754575200,24.1,60,15.7,24.8,0.00,0.00,0.00,NaN,0,1028.3,1022.5,2,0.36,1.21,8.4,11.9,83,84,25.6,537.0,408.0,129.0,658.8,823.7,456.2,144.2,736.7,600.5,921.1,600.5,537.0,NaN
1754578800,25.5,52,15.0,26.8,0.00,0.00,0.00,NaN,0,1028.1,1022.4,4,0.48,1.56,8.1,11.6,85,86,25.9,696.0,571.0,125.0,757.3,1002.9,612.7,134.1,812.6,746.8,1076.1,746.8,696.0,NaN
1754582400,26.9,47,14.6,28.6,0.00,0.00,0.00,NaN,0,1027.6,1021.9,5,0.57,1.89,9.3,13.3,74,77,30.6,807.0,670.0,137.0,788.4,1130.3,696.1,142.3,819.2,838.5,1174.4,838.5,807.0,NaN
1754586000,27.9,43,14.3,29.7,0.00,0.00,0.00,NaN,0,1026.9,1021.2,18,0.62,2.14,9.8,13.9,77,79,31.0,858.0,710.0,148.0,788.8,1197.2,717.1,149.5,796.7,866.6,1209.2,866.6,858.0,NaN
1754589600,28.2,42,14.2,29.6,0.10,0.10,0.00,NaN,51,1026.2,1020.5,40,0.59,2.20,9.2,12.9,102,99,30.6,792.0,607.0,185.0,673.3,1199.1,596.4,181.8,661.5,778.1,1178.1,778.1,792.0,NaN
1754593200,27.7,45,14.5,28.7,0.20,0.20,0.00,NaN,51,1025.7,1020.0,34,0.54,2.06,10.4,14.7,136,133,31.0,731.0,538.0,193.0,630.1,1135.7,513.1,184.1,601.0,697.2,1083.2,697.2,731.0,NaN
1754596800,27.2,42,13.1,27.0,0.00,0.00,0.00,NaN,1,1025.4,1019.7,26,0.49,2.10,12.2,17.3,142,141,34.2,649.0,476.0,173.0,626.0,1011.4,438.1,159.2,576.2,597.4,930.9,597.4,649.0,NaN
1754600400,26.2,42,12.1,25.1,0.00,0.00,0.00,NaN,0,1024.9,1019.2,2,0.40,1.98,12.1,17.4,145,143,34.6,516.0,370.0,146.0,589.7,834.6,324.4,128.0,516.9,452.4,731.7,452.4,516.0,NaN
1754604000,25.6,42,11.7,24.6,0.00,0.00,0.00,NaN,0,1024.9,1019.2,0,0.30,1.91,10.7,15.5,134,132,33.1,374.0,275.0,99.0,592.4,617.4,222.3,80.0,478.8,302.3,499.0,302.3,374.0,NaN
1754607600,24.7,41,10.6,23.3,0.00,0.00,0.00,NaN,0,1025.1,1019.4,0,0.20,1.83,10.6,16.1,134,132,28.8,203.0,137.0,66.0,486.5,374.6,91.0,43.8,323.1,134.8,248.8,134.8,203.0,NaN
1754611200,23.3,44,10.2,21.9,0.00,0.00,0.00,NaN,0,1025.3,1019.5,1,0.10,1.61,9.7,15.3,135,133,26.6,50.0,26.0,24.0,200.5,122.6,0.0,0.0,0.0,0.0,0.0,0.0,50.0,NaN
1754614800,21.9,54,12.3,21.5,0.00,0.00,0.00,NaN,0,1026.0,1020.2,0,0.05,1.20,7.7,13.3,144,140,20.2,0.0,0.0,0.0,0.0,0.0,0.0,0.0,0.0,0.0,0.0,0.0,0.0,NaN
1754618400,21.1,58,12.6,21.2,0.00,0.00,0.00,NaN,0,1026.4,1020.6,0,0.02,1.05,4.9,9.6,129,127,18.0,0.0,0.0,0.0,0.0,0.0,0.0,0.0,0.0,0.0,0.0,0.0,0.0,NaN
1754622000,20.2,68,14.1,21.2,0.00,0.00,0.00,NaN,0,1026.5,1020.7,0,0.00,0.76,2.3,6.2,108,111,11.2,0.0,0.0,0.0,0.0,0.0,0.0,0.0,0.0,0.0,0.0,0.0,0.0,NaN
1754625600,19.8,71,14.3,20.9,0.00,0.00,0.00,NaN,0,1026.1,1020.3,0,0.00,0.67,1.8,5.4,84,92,6.1,0.0,0.0,0.0,0.0,0.0,0.0,0.0,0.0,0.0,0.0,0.0,0.0,NaN
1754629200,19.3,72,14.2,20.4,0.00,0.00,0.00,NaN,0,1025.8,1019.9,0,0.00,0.62,1.9,6.1,73,88,5.0,0.0,0.0,0.0,0.0,0.0,0.0,0.0,0.0,0.0,0.0,0.0,0.0,NaN
1754632800,18.7,74,13.9,19.6,0.00,0.00,0.00,NaN,0,1025.1,1019.2,0,0.00,0.57,2.4,7.5,63,80,6.1,0.0,0.0,0.0,0.0,0.0,0.0,0.0,0.0,0.0,0.0,0.0,0.0,NaN
1754636400,18.3,75,13.9,19.2,0.00,0.00,0.00,NaN,0,1025.0,1019.1,0,0.00,0.52,2.8,7.9,45,63,6.5,0.0,0.0,0.0,0.0,0.0,0.0,0.0,0.0,0.0,0.0,0.0,0.0,NaN
1754640000,18.0,77,13.8,18.8,0.00,0.00,0.00,NaN,0,1024.8,1018.9,0,0.00,0.48,2.8,9.0,40,57,7.2,0.0,0.0,0.0,0.0,0.0,0.0,0.0,0.0,0.0,0.0,0.0,0.0,NaN
1754643600,17.5,80,14.1,18.4,0.00,0.00,0.00,NaN,0,1024.8,1018.9,0,0.00,0.40,3.1,9.3,40,54,7.2,0.0,0.0,0.0,0.0,0.0,0.0,0.0,0.0,0.0,0.0,0.0,0.0,NaN
1754647200,17.2,82,14.1,18.0,0.00,0.00,0.00,NaN,0,1024.8,1018.9,5,0.00,0.35,3.6,10.3,37,52,7.6,0.0,0.0,0.0,0.0,0.0,0.0,0.0,0.0,0.0,0.0,0.0,0.0,NaN
1754650800,18.2,77,14.1,18.8,0.00,0.00,0.00,NaN,0,1024.9,1019.0,3,0.02,0.48,4.5,10.8,23,47,9.4,44.0,23.0,21.0,186.2,106.4,50.2,45.9,263.1,62.2,232.3,96.1,44.0,NaN
1754654400,19.7,68,13.6,20.2,0.00,0.00,0.00,NaN,0,1025.1,1019.3,6,0.11,0.74,4.7,8.0,28,36,14.0,199.0,136.0,63.0,505.1,358.2,183.3,84.9,680.9,268.3,483.0,268.3,199.0,NaN
1754658000,21.2,59,12.9,21.4,0.00,0.00,0.00,NaN,2,1025.6,1019.8,64,0.23,1.03,4.4,6.5,27,30,16.6,381.0,287.0,94.0,634.3,602.0,341.8,112.0,755.4,453.8,717.0,453.8,381.0,NaN
1754661600,23.1,48,11.6,23.0,0.00,0.00,0.00,NaN,1,1025.7,1019.9,24,0.36,1.45,4.2,5.9,43,47,17.6,558.0,438.0,120.0,709.7,821.1,490.0,134.2,794.0,624.3,918.6,624.3,558.0,NaN
1754665200,24.8,39,9.9,25.3,0.00,0.00,0.00,NaN,0,1025.6,1019.9,0,0.48,1.90,4.2,5.9,59,63,18.7,722.0,606.0,116.0,805.9,1000.5,650.4,124.5,864.9,774.9,1073.8,774.9,722.0,NaN
1754668800,26.2,34,9.0,27.0,0.00,0.00,0.00,NaN,0,1025.3,1019.6,0,0.58,2.25,5.2,7.4,74,76,21.6,838.0,722.0,116.0,851.6,1128.0,750.2,120.5,884.9,870.8,1172.1,870.8,838.0,NaN
1754672400,27.4,31,8.6,28.2,0.00,0.00,0.00,NaN,0,1024.6,1018.9,0,0.63,2.53,6.2,8.8,78,81,23.8,897.0,778.0,119.0,866.3,1194.9,785.8,120.2,874.9,906.0,1206.8,906.0,897.0,NaN
1754676000,28.2,29,8.6,29.1,0.00,0.00,0.00,NaN,0,1023.8,1018.1,0,0.64,2.70,6.0,8.3,106,101,23.8,897.0,778.0,119.0,865.1,1196.6,764.3,116.9,849.8,881.2,1175.5,881.2,897.0,NaN
1754679600,28.2,30,8.8,28.4,0.00,0.00,0.00,NaN,0,1023.2,1017.5,0,0.62,2.70,8.5,11.6,145,141,27.7,839.0,723.0,116.0,849.1,1132.9,689.4,110.6,809.6,800.0,1080.3,800.0,839.0,NaN
1754683200,27.4,30,8.5,26.3,0.00,0.00,0.00,NaN,0,1023.1,1017.4,0,0.55,2.55,11.6,16.0,164,161,33.5,728.0,618.0,110.0,815.5,1008.3,568.6,101.2,750.3,669.8,927.6,669.8,728.0,NaN
1754686800,26.4,34,9.2,24.6,0.00,0.00,0.00,NaN,0,1022.8,1017.1,0,0.45,2.28,12.3,17.2,168,166,34.6,577.0,477.0,100.0,763.6,831.1,417.8,87.6,668.8,505.4,728.0,505.4,577.0,NaN
1754690400,25.3,37,9.8,23.6,0.00,0.00,0.00,NaN,0,1022.8,1017.1,0,0.32,2.02,11.7,16.8,166,165,34.2,396.0,310.0,86.0,672.4,613.5,250.0,69.4,542.3,319.4,494.8,319.4,396.0,NaN
1754694000,24.0,41,9.9,22.3,0.00,0.00,0.00,NaN,0,1022.8,1017.1,0,0.20,1.77,11.5,17.3,166,166,31.3,207.0,143.0,64.0,514.1,370.1,94.3,42.2,339.0,136.5,244.1,136.5,207.0,NaN
1754697600,22.9,45,10.3,21.6,0.00,0.00,0.00,NaN,0,1023.1,1017.3,0,0.09,1.54,9.2,14.3,160,161,28.8,49.0,26.0,23.0,203.3,117.7,0.0,0.0,0.0,0.0,0.0,0.0,49.0,NaN
1754701200,22.1,49,10.8,21.2,0.00,0.00,0.00,NaN,0,1023.8,1018.0,0,0.05,1.36,7.8,12.5,161,162,20.5,0.0,0.0,0.0,0.0,0.0,0.0,0.0,0.0,0.0,0.0,0.0,0.0,NaN
1754704800,21.5,53,11.5,21.2,0.00,0.00,0.00,NaN,0,1023.8,1018.0,0,0.03,1.20,5.0,10.0,159,159,18.0,0.0,0.0,0.0,0.0,0.0,0.0,0.0,0.0,0.0,0.0,0.0,0.0,NaN
1754708400,20.7,59,12.5,21.1,0.00,0.00,0.00,NaN,0,1023.8,1018.0,0,0.00,1.00,3.0,8.8,155,154,11.9,0.0,0.0,0.0,0.0,0.0,0.0,0.0,0.0,0.0,0.0,0.0,0.0,NaN
1754712000,20.2,65,13.5,21.1,0.00,0.00,0.00,NaN,0,1023.8,1018.0,0,0.00,0.82,1.3,5.5,164,153,7.2,0.0,0.0,0.0,0.0,0.0,0.0,0.0,0.0,0.0,0.0,0.0,0.0,NaN
1754715600,19.8,67,13.5,20.9,0.00,0.00,0.00,NaN,0,1023.9,1018.1,0,0.00,0.76,0.4,2.9,243,180,3.6,0.0,0.0,0.0,0.0,0.0,0.0,0.0,0.0,0.0,0.0,0.0,0.0,NaN
1754719200,19.3,71,14.0,20.5,0.00,0.00,0.00,NaN,0,1023.7,1017.9,0,0.00,0.64,0.7,2.1,270,255,2.5,0.0,0.0,0.0,0.0,0.0,0.0,0.0,0.0,0.0,0.0,0.0,0.0,NaN
1754722800,19.1,71,13.8,20.2,0.00,0.00,0.00,NaN,0,1023.5,1017.7,0,0.00,0.64,0.6,1.9,326,343,2.2,0.0,0.0,0.0,0.0,0.0,0.0,0.0,0.0,0.0,0.0,0.0,0.0,NaN
1754726400,18.7,72,13.7,19.7,0.00,0.00,0.00,NaN,0,1023.5,1017.6,0,0.00,0.59,1.1,4.0,351,3,2.5,0.0,0.0,0.0,0.0,0.0,0.0,0.0,0.0,0.0,0.0,0.0,0.0,NaN
1754730000,18.0,77,13.9,18.9,0.00,0.00,0.00,NaN,0,1023.6,1017.7,0,0.00,0.48,2.7,7.6,356,356,5.0,0.0,0.0,0.0,0.0,0.0,0.0,0.0,0.0,0.0,0.0,0.0,0.0,NaN
1754733600,17.6,79,13.8,18.5,0.00,0.00,0.00,NaN,0,1023.6,1017.7,0,0.00,0.43,2.2,7.5,14,10,5.8,0.0,0.0,0.0,0.0,0.0,0.0,0.0,0.0,0.0,0.0,0.0,0.0,NaN
1754737200,18.6,73,13.7,19.4,0.00,0.00,0.00,NaN,0,1023.8,1017.9,0,0.02,0.57,2.7,6.9,23,25,5.4,43.0,23.0,20.0,188.2,104.0,50.6,44.0,264.8,60.5,228.7,94.6,43.0,NaN
1754740800,20.2,62,12.8,20.6,0.00,0.00,0.00,NaN,0,1024.2,1018.4,0,0.11,0.89,3.2,6.3,19,27,11.5,199.0,138.0,61.0,517.5,354.9,186.6,82.5,699.7,269.1,479.8,269.1,199.0,NaN
1754744400,21.7,55,12.4,22.1,0.00,0.00,0.00,NaN,0,1024.7,1018.9,0,0.23,1.16,2.7,3.9,20,22,13.3,389.0,305.0,84.0,677.6,599.0,363.7,100.2,807.9,463.8,714.2,463.8,389.0,NaN
1754748000,24.0,46,11.7,24.2,0.00,0.00,0.00,NaN,0,1024.7,1018.9,0,0.37,1.61,2.7,4.0,32,32,15.5,571.0,473.0,98.0,769.2,818.4,529.4,109.7,860.9,639.1,916.0,639.1,571.0,NaN
1754751600,25.9,40,11.2,27.0,0.00,0.00,0.00,NaN,0,1024.4,1018.7,12,0.49,2.02,3.1,4.3,45,45,17.3,726.0,617.0,109.0,822.8,998.0,662.4,117.0,883.3,779.4,1071.4,779.4,726.0,NaN
1754755200,27.5,34,10.2,29.0,0.00,0.00,0.00,NaN,2,1024.0,1018.3,56,0.58,2.43,3.4,4.8,65,65,18.4,836.0,721.0,115.0,852.5,1125.6,749.3,119.5,885.9,868.8,1169.7,868.8,836.0,NaN
1754758800,28.8,29,8.9,30.3,0.00,0.00,0.00,NaN,3,1023.3,1017.6,82,0.63,2.83,3.4,5.0,72,71,19.1,892.0,767.0,125.0,856.1,1192.5,774.6,126.2,864.6,900.9,1204.3,900.9,892.0,NaN
1754762400,29.8,25,7.9,30.9,0.00,0.00,0.00,NaN,0,1022.4,1016.8,0,0.64,3.14,4.0,5.8,95,90,20.2,890.0,763.0,127.0,850.5,1194.0,749.5,124.7,835.4,874.2,1172.8,874.2,890.0,NaN
1754766000,30.3,25,8.2,30.8,0.00,0.00,0.00,NaN,0,1021.9,1016.3,0,0.62,3.24,5.7,7.7,136,129,22.7,838.0,725.0,113.0,853.8,1130.1,691.1,107.7,813.9,798.8,1077.3,798.8,838.0,NaN
1754769600,29.9,30,10.2,29.9,0.00,0.00,0.00,NaN,0,1021.9,1016.3,0,0.56,2.97,7.9,10.4,156,152,26.3,728.0,621.0,107.0,822.3,1005.1,571.0,98.4,756.2,669.4,924.3,669.4,728.0,NaN
1754773200,28.8,35,11.7,27.9,0.00,0.00,0.00,NaN,0,1021.3,1015.7,0,0.45,2.58,10.3,14.1,164,161,30.2,573.0,476.0,97.0,765.6,827.5,416.5,84.9,669.9,501.4,724.1,501.4,573.0,NaN
1754776800,27.2,39,12.1,26.2,0.00,0.00,0.00,NaN,0,1021.6,1015.9,0,0.33,2.19,11.4,16.2,173,172,31.3,392.0,308.0,84.0,672.7,609.4,247.9,67.6,541.5,315.5,490.5,315.5,392.0,NaN
1754780400,25.8,41,11.5,24.8,0.00,0.00,0.00,NaN,0,1022.1,1016.4,0,0.19,1.96,9.7,14.8,177,177,31.0,203.0,141.0,62.0,513.3,365.6,92.3,40.6,336.1,132.9,239.3,132.9,203.0,NaN
